id,date,time,na,na1,time_fraction,arrive
1,2019/04/22,6:00,6.00,0.25,0.25,1
2,2019/04/22,6:00,6.00,0.25,0.25,1
3,2019/04/22,6:00,6.00,0.25,0.25,1
4,2019/04/22,6:01,6.02,0.2506944444,0.2506944444,1
5,2019/04/22,6:01,6.02,0.2506944444,0.2506944444,1
6,2019/04/22,6:01,6.02,0.2506944444,0.2506944444,1
7,2019/04/22,6:02,6.03,0.2513888889,0.2513888889,1
8,2019/04/22,6:03,6.05,0.2520833333,0.2520833333,1
9,2019/04/22,6:03,6.05,0.2520833333,0.2520833333,1
10,2019/04/22,6:03,6.05,0.2520833333,0.2520833333,1
11,2019/04/22,6:03,6.05,0.2520833333,0.2520833333,1
12,2019/04/22,6:05,6.08,0.2534722222,0.2534722222,1
13,2019/04/22,6:06,6.10,0.2541666667,0.2541666667,1
14,2019/04/22,6:07,6.12,0.2548611111,0.2548611111,1
15,2019/04/22,6:08,6.13,0.2555555556,0.2555555556,1
16,2019/04/22,6:08,6.13,0.2555555556,0.2555555556,1
17,2019/04/22,6:08,6.13,0.2555555556,0.2555555556,0
18,2019/04/22,6:08,6.13,0.2555555556,0.2555555556,1
19,2019/04/22,6:09,6.15,0.25625,0.25625,1
20,2019/04/22,6:10,6.17,0.2569444444,0.2569444444,1
21,2019/04/22,6:11,6.18,0.2576388889,0.2576388889,1
22,2019/04/22,6:12,6.20,0.2583333333,0.2583333333,1
23,2019/04/22,6:13,6.22,0.2590277778,0.2590277778,1
24,2019/04/22,6:13,6.22,0.2590277778,0.2590277778,1
25,2019/04/22,6:15,6.25,0.2604166667,0.2604166667,1
26,2019/04/22,6:15,6.25,0.2604166667,0.2604166667,1
27,2019/04/22,6:16,6.27,0.2611111111,0.2611111111,1
28,2019/04/22,6:17,6.28,0.2618055556,0.2618055556,1
29,2019/04/22,6:18,6.30,0.2625,0.2625,1
30,2019/04/22,6:18,6.30,0.2625,0.2625,1
31,2019/04/22,6:19,6.32,0.2631944444,0.2631944444,1
32,2019/04/22,6:19,6.32,0.2631944444,0.2631944444,1
33,2019/04/22,6:19,6.32,0.2631944444,0.2631944444,1
34,2019/04/22,6:20,6.33,0.2638888889,0.2638888889,1
35,2019/04/22,6:20,6.33,0.2638888889,0.2638888889,1
36,2019/04/22,6:20,6.33,0.2638888889,0.2638888889,1
37,2019/04/22,6:21,6.35,0.2645833333,0.2645833333,1
38,2019/04/22,6:21,6.35,0.2645833333,0.2645833333,1
39,2019/04/22,6:21,6.35,0.2645833333,0.2645833333,1
40,2019/04/22,6:23,6.38,0.2659722222,0.2659722222,1
41,2019/04/22,6:23,6.38,0.2659722222,0.2659722222,1
42,2019/04/22,6:25,6.42,0.2673611111,0.2673611111,1
43,2019/04/22,6:25,6.42,0.2673611111,0.2673611111,0
44,2019/04/22,6:28,6.47,0.2694444444,0.2694444444,1
45,2019/04/22,6:29,6.48,0.2701388889,0.2701388889,1
46,2019/04/22,6:29,6.48,0.2701388889,0.2701388889,1
47,2019/04/22,6:30,6.50,0.2708333333,0.2708333333,1
48,2019/04/22,6:31,6.52,0.2715277778,0.2715277778,1
49,2019/04/22,6:32,6.53,0.2722222222,0.2722222222,1
50,2019/04/22,6:33,6.55,0.2729166667,0.2729166667,1
51,2019/04/22,6:33,6.55,0.2729166667,0.2729166667,1
52,2019/04/22,6:34,6.57,0.2736111111,0.2736111111,1
53,2019/04/22,6:34,6.57,0.2736111111,0.2736111111,1
54,2019/04/22,6:37,6.62,0.2756944444,0.2756944444,1
55,2019/04/22,6:37,6.62,0.2756944444,0.2756944444,1
56,2019/04/22,6:37,6.62,0.2756944444,0.2756944444,1
57,2019/04/22,6:38,6.63,0.2763888889,0.2763888889,1
58,2019/04/22,6:40,6.67,0.2777777778,0.2777777778,1
59,2019/04/22,6:43,6.72,0.2798611111,0.2798611111,1
60,2019/04/22,6:43,6.72,0.2798611111,0.2798611111,1
61,2019/04/22,6:43,6.72,0.2798611111,0.2798611111,1
62,2019/04/22,6:43,6.72,0.2798611111,0.2798611111,1
63,2019/04/22,6:44,6.73,0.2805555556,0.2805555556,1
64,2019/04/22,6:44,6.73,0.2805555556,0.2805555556,1
65,2019/04/22,6:44,6.73,0.2805555556,0.2805555556,1
66,2019/04/22,6:45,6.75,0.28125,0.28125,1
67,2019/04/22,6:45,6.75,0.28125,0.28125,0
68,2019/04/22,6:46,6.77,0.2819444444,0.2819444444,1
69,2019/04/22,6:47,6.78,0.2826388889,0.2826388889,1
70,2019/04/22,6:47,6.78,0.2826388889,0.2826388889,1
71,2019/04/22,6:48,6.80,0.2833333333,0.2833333333,1
72,2019/04/22,6:49,6.82,0.2840277778,0.2840277778,1
73,2019/04/22,6:49,6.82,0.2840277778,0.2840277778,1
74,2019/04/22,6:49,6.82,0.2840277778,0.2840277778,1
75,2019/04/22,6:50,6.83,0.2847222222,0.2847222222,1
76,2019/04/22,6:51,6.85,0.2854166667,0.2854166667,1
77,2019/04/22,6:52,6.87,0.2861111111,0.2861111111,1
78,2019/04/22,6:53,6.88,0.2868055556,0.2868055556,1
79,2019/04/22,6:55,6.92,0.2881944444,0.2881944444,1
80,2019/04/22,6:56,6.93,0.2888888889,0.2888888889,1
81,2019/04/22,6:56,6.93,0.2888888889,0.2888888889,1
82,2019/04/22,6:57,6.95,0.2895833333,0.2895833333,1
83,2019/04/22,6:57,6.95,0.2895833333,0.2895833333,1
84,2019/04/22,6:58,6.97,0.2902777778,0.2902777778,1
85,2019/04/22,6:59,6.98,0.2909722222,0.2909722222,1
86,2019/04/22,7:00,7.00,0.2916666667,0.2916666667,1
87,2019/04/22,7:00,7.00,0.2916666667,0.2916666667,1
88,2019/04/22,7:02,7.03,0.2930555556,0.2930555556,1
89,2019/04/22,7:03,7.05,0.29375,0.29375,0
90,2019/04/22,7:03,7.05,0.29375,0.29375,1
91,2019/04/22,7:03,7.05,0.29375,0.29375,1
92,2019/04/22,7:03,7.05,0.29375,0.29375,1
93,2019/04/22,7:04,7.07,0.2944444444,0.2944444444,1
94,2019/04/22,7:04,7.07,0.2944444444,0.2944444444,1
95,2019/04/22,7:04,7.07,0.2944444444,0.2944444444,1
96,2019/04/22,7:05,7.08,0.2951388889,0.2951388889,1
97,2019/04/22,7:06,7.10,0.2958333333,0.2958333333,1
98,2019/04/22,7:06,7.10,0.2958333333,0.2958333333,1
99,2019/04/22,7:07,7.12,0.2965277778,0.2965277778,1
100,2019/04/22,7:08,7.13,0.2972222222,0.2972222222,1
101,2019/04/22,7:08,7.13,0.2972222222,0.2972222222,1
102,2019/04/22,7:09,7.15,0.2979166667,0.2979166667,1
103,2019/04/22,7:09,7.15,0.2979166667,0.2979166667,1
104,2019/04/22,7:12,7.20,0.3,0.3,1
105,2019/04/22,7:12,7.20,0.3,0.3,1
106,2019/04/22,7:12,7.20,0.3,0.3,1
107,2019/04/22,7:15,7.25,0.3020833333,0.3020833333,1
108,2019/04/22,7:16,7.27,0.3027777778,0.3027777778,1
109,2019/04/22,7:16,7.27,0.3027777778,0.3027777778,1
110,2019/04/22,7:17,7.28,0.3034722222,0.3034722222,1
111,2019/04/22,7:17,7.28,0.3034722222,0.3034722222,1
112,2019/04/22,7:18,7.30,0.3041666667,0.3041666667,1
113,2019/04/22,7:20,7.33,0.3055555556,0.3055555556,1
114,2019/04/22,7:22,7.37,0.3069444444,0.3069444444,1
115,2019/04/22,7:22,7.37,0.3069444444,0.3069444444,1
116,2019/04/22,7:22,7.37,0.3069444444,0.3069444444,1
117,2019/04/22,7:23,7.38,0.3076388889,0.3076388889,1
118,2019/04/22,7:23,7.38,0.3076388889,0.3076388889,1
119,2019/04/22,7:23,7.38,0.3076388889,0.3076388889,1
120,2019/04/22,7:24,7.40,0.3083333333,0.3083333333,1
121,2019/04/22,7:24,7.40,0.3083333333,0.3083333333,1
122,2019/04/22,7:24,7.40,0.3083333333,0.3083333333,1
123,2019/04/22,7:24,7.40,0.3083333333,0.3083333333,1
124,2019/04/22,7:25,7.42,0.3090277778,0.3090277778,1
125,2019/04/22,7:25,7.42,0.3090277778,0.3090277778,1
126,2019/04/22,7:26,7.43,0.3097222222,0.3097222222,1
127,2019/04/22,7:26,7.43,0.3097222222,0.3097222222,1
128,2019/04/22,7:26,7.43,0.3097222222,0.3097222222,1
129,2019/04/22,7:27,7.45,0.3104166667,0.3104166667,1
130,2019/04/22,7:27,7.45,0.3104166667,0.3104166667,1
131,2019/04/22,7:28,7.47,0.3111111111,0.3111111111,1
132,2019/04/22,7:30,7.50,0.3125,0.3125,1
133,2019/04/22,7:31,7.52,0.3131944444,0.3131944444,1
134,2019/04/22,7:32,7.53,0.3138888889,0.3138888889,1
135,2019/04/22,7:34,7.57,0.3152777778,0.3152777778,1
136,2019/04/22,7:34,7.57,0.3152777778,0.3152777778,1
137,2019/04/22,7:35,7.58,0.3159722222,0.3159722222,1
138,2019/04/22,7:35,7.58,0.3159722222,0.3159722222,1
139,2019/04/22,7:35,7.58,0.3159722222,0.3159722222,1
140,2019/04/22,7:36,7.60,0.3166666667,0.3166666667,1
141,2019/04/22,7:36,7.60,0.3166666667,0.3166666667,1
142,2019/04/22,7:37,7.62,0.3173611111,0.3173611111,1
143,2019/04/22,7:38,7.63,0.3180555556,0.3180555556,1
144,2019/04/22,7:38,7.63,0.3180555556,0.3180555556,1
145,2019/04/22,7:39,7.65,0.31875,0.31875,1
146,2019/04/22,7:39,7.65,0.31875,0.31875,1
147,2019/04/22,7:40,7.67,0.3194444444,0.3194444444,1
148,2019/04/22,7:41,7.68,0.3201388889,0.3201388889,0
149,2019/04/22,7:42,7.70,0.3208333333,0.3208333333,1
150,2019/04/22,7:42,7.70,0.3208333333,0.3208333333,1
151,2019/04/22,7:43,7.72,0.3215277778,0.3215277778,1
152,2019/04/22,7:43,7.72,0.3215277778,0.3215277778,1
153,2019/04/22,7:44,7.73,0.3222222222,0.3222222222,1
154,2019/04/22,7:45,7.75,0.3229166667,0.3229166667,1
155,2019/04/22,7:45,7.75,0.3229166667,0.3229166667,1
156,2019/04/22,7:45,7.75,0.3229166667,0.3229166667,1
157,2019/04/22,7:46,7.77,0.3236111111,0.3236111111,1
158,2019/04/22,7:46,7.77,0.3236111111,0.3236111111,1
159,2019/04/22,7:46,7.77,0.3236111111,0.3236111111,1
160,2019/04/22,7:46,7.77,0.3236111111,0.3236111111,1
161,2019/04/22,7:47,7.78,0.3243055556,0.3243055556,1
162,2019/04/22,7:47,7.78,0.3243055556,0.3243055556,1
163,2019/04/22,7:47,7.78,0.3243055556,0.3243055556,1
164,2019/04/22,7:47,7.78,0.3243055556,0.3243055556,1
165,2019/04/22,7:48,7.80,0.325,0.325,1
166,2019/04/22,7:49,7.82,0.3256944444,0.3256944444,1
167,2019/04/22,7:49,7.82,0.3256944444,0.3256944444,1
168,2019/04/22,7:49,7.82,0.3256944444,0.3256944444,1
169,2019/04/22,7:49,7.82,0.3256944444,0.3256944444,1
170,2019/04/22,7:49,7.82,0.3256944444,0.3256944444,1
171,2019/04/22,7:50,7.83,0.3263888889,0.3263888889,1
172,2019/04/22,7:50,7.83,0.3263888889,0.3263888889,1
173,2019/04/22,7:51,7.85,0.3270833333,0.3270833333,1
174,2019/04/22,7:51,7.85,0.3270833333,0.3270833333,1
175,2019/04/22,7:51,7.85,0.3270833333,0.3270833333,1
176,2019/04/22,7:51,7.85,0.3270833333,0.3270833333,1
177,2019/04/22,7:52,7.87,0.3277777778,0.3277777778,1
178,2019/04/22,7:52,7.87,0.3277777778,0.3277777778,1
179,2019/04/22,7:53,7.88,0.3284722222,0.3284722222,1
180,2019/04/22,7:54,7.90,0.3291666667,0.3291666667,1
181,2019/04/22,7:54,7.90,0.3291666667,0.3291666667,1
182,2019/04/22,7:55,7.92,0.3298611111,0.3298611111,1
183,2019/04/22,7:55,7.92,0.3298611111,0.3298611111,1
184,2019/04/22,7:57,7.95,0.33125,0.33125,1
185,2019/04/22,7:57,7.95,0.33125,0.33125,1
186,2019/04/22,7:59,7.98,0.3326388889,0.3326388889,1
187,2019/04/22,7:59,7.98,0.3326388889,0.3326388889,1
188,2019/04/22,7:59,7.98,0.3326388889,0.3326388889,1
189,2019/04/22,7:59,7.98,0.3326388889,0.3326388889,1
190,2019/04/22,7:59,7.98,0.3326388889,0.3326388889,1
191,2019/04/22,8:00,8.00,0.3333333333,0.3333333333,1
192,2019/04/22,8:01,8.02,0.3340277778,0.3340277778,1
193,2019/04/22,8:01,8.02,0.3340277778,0.3340277778,1
194,2019/04/22,8:01,8.02,0.3340277778,0.3340277778,1
195,2019/04/22,8:02,8.03,0.3347222222,0.3347222222,1
196,2019/04/22,8:02,8.03,0.3347222222,0.3347222222,1
197,2019/04/22,8:02,8.03,0.3347222222,0.3347222222,0
198,2019/04/22,8:02,8.03,0.3347222222,0.3347222222,1
199,2019/04/22,8:03,8.05,0.3354166667,0.3354166667,1
200,2019/04/22,8:04,8.07,0.3361111111,0.3361111111,1
201,2019/04/22,8:04,8.07,0.3361111111,0.3361111111,1
202,2019/04/22,8:04,8.07,0.3361111111,0.3361111111,1
203,2019/04/22,8:04,8.07,0.3361111111,0.3361111111,1
204,2019/04/22,8:07,8.12,0.3381944444,0.3381944444,1
205,2019/04/22,8:07,8.12,0.3381944444,0.3381944444,1
206,2019/04/22,8:07,8.12,0.3381944444,0.3381944444,1
207,2019/04/22,8:07,8.12,0.3381944444,0.3381944444,1
208,2019/04/22,8:08,8.13,0.3388888889,0.3388888889,1
209,2019/04/22,8:08,8.13,0.3388888889,0.3388888889,1
210,2019/04/22,8:08,8.13,0.3388888889,0.3388888889,1
211,2019/04/22,8:11,8.18,0.3409722222,0.3409722222,1
212,2019/04/22,8:12,8.20,0.3416666667,0.3416666667,1
213,2019/04/22,8:14,8.23,0.3430555556,0.3430555556,1
214,2019/04/22,8:14,8.23,0.3430555556,0.3430555556,1
215,2019/04/22,8:15,8.25,0.34375,0.34375,1
216,2019/04/22,8:15,8.25,0.34375,0.34375,1
217,2019/04/22,8:17,8.28,0.3451388889,0.3451388889,1
218,2019/04/22,8:17,8.28,0.3451388889,0.3451388889,1
219,2019/04/22,8:17,8.28,0.3451388889,0.3451388889,1
220,2019/04/22,8:18,8.30,0.3458333333,0.3458333333,1
221,2019/04/22,8:18,8.30,0.3458333333,0.3458333333,1
222,2019/04/22,8:19,8.32,0.3465277778,0.3465277778,1
223,2019/04/22,8:20,8.33,0.3472222222,0.3472222222,1
224,2019/04/22,8:20,8.33,0.3472222222,0.3472222222,1
225,2019/04/22,8:20,8.33,0.3472222222,0.3472222222,1
226,2019/04/22,8:22,8.37,0.3486111111,0.3486111111,1
227,2019/04/22,8:24,8.40,0.35,0.35,1
228,2019/04/22,8:24,8.40,0.35,0.35,1
229,2019/04/22,8:25,8.42,0.3506944444,0.3506944444,1
230,2019/04/22,8:25,8.42,0.3506944444,0.3506944444,1
231,2019/04/22,8:27,8.45,0.3520833333,0.3520833333,1
232,2019/04/22,8:29,8.48,0.3534722222,0.3534722222,1
233,2019/04/22,8:30,8.50,0.3541666667,0.3541666667,1
234,2019/04/22,8:30,8.50,0.3541666667,0.3541666667,0
235,2019/04/22,8:30,8.50,0.3541666667,0.3541666667,0
236,2019/04/22,8:30,8.50,0.3541666667,0.3541666667,1
237,2019/04/22,8:31,8.52,0.3548611111,0.3548611111,1
238,2019/04/22,8:31,8.52,0.3548611111,0.3548611111,1
239,2019/04/22,8:31,8.52,0.3548611111,0.3548611111,1
240,2019/04/22,8:32,8.53,0.3555555556,0.3555555556,1
241,2019/04/22,8:32,8.53,0.3555555556,0.3555555556,1
242,2019/04/22,8:33,8.55,0.35625,0.35625,1
243,2019/04/22,8:34,8.57,0.3569444444,0.3569444444,1
244,2019/04/22,8:34,8.57,0.3569444444,0.3569444444,1
245,2019/04/22,8:34,8.57,0.3569444444,0.3569444444,1
246,2019/04/22,8:35,8.58,0.3576388889,0.3576388889,1
247,2019/04/22,8:35,8.58,0.3576388889,0.3576388889,1
248,2019/04/22,8:35,8.58,0.3576388889,0.3576388889,1
249,2019/04/22,8:36,8.60,0.3583333333,0.3583333333,1
250,2019/04/22,8:36,8.60,0.3583333333,0.3583333333,1
251,2019/04/22,8:36,8.60,0.3583333333,0.3583333333,1
252,2019/04/22,8:38,8.63,0.3597222222,0.3597222222,1
253,2019/04/22,8:39,8.65,0.3604166667,0.3604166667,1
254,2019/04/22,8:39,8.65,0.3604166667,0.3604166667,1
255,2019/04/22,8:39,8.65,0.3604166667,0.3604166667,1
256,2019/04/22,8:39,8.65,0.3604166667,0.3604166667,1
257,2019/04/22,8:40,8.67,0.3611111111,0.3611111111,1
258,2019/04/22,8:41,8.68,0.3618055556,0.3618055556,1
259,2019/04/22,8:41,8.68,0.3618055556,0.3618055556,1
260,2019/04/22,8:42,8.70,0.3625,0.3625,1
261,2019/04/22,8:42,8.70,0.3625,0.3625,1
262,2019/04/22,8:42,8.70,0.3625,0.3625,1
263,2019/04/22,8:44,8.73,0.3638888889,0.3638888889,1
264,2019/04/22,8:44,8.73,0.3638888889,0.3638888889,1
265,2019/04/22,8:45,8.75,0.3645833333,0.3645833333,1
266,2019/04/22,8:45,8.75,0.3645833333,0.3645833333,1
267,2019/04/22,8:46,8.77,0.3652777778,0.3652777778,1
268,2019/04/22,8:46,8.77,0.3652777778,0.3652777778,1
269,2019/04/22,8:47,8.78,0.3659722222,0.3659722222,1
270,2019/04/22,8:47,8.78,0.3659722222,0.3659722222,1
271,2019/04/22,8:50,8.83,0.3680555556,0.3680555556,1
272,2019/04/22,8:50,8.83,0.3680555556,0.3680555556,1
273,2019/04/22,8:50,8.83,0.3680555556,0.3680555556,1
274,2019/04/22,8:51,8.85,0.36875,0.36875,1
275,2019/04/22,8:51,8.85,0.36875,0.36875,1
276,2019/04/22,8:53,8.88,0.3701388889,0.3701388889,1
277,2019/04/22,8:53,8.88,0.3701388889,0.3701388889,1
278,2019/04/22,8:53,8.88,0.3701388889,0.3701388889,1
279,2019/04/22,8:54,8.90,0.3708333333,0.3708333333,1
280,2019/04/22,8:54,8.90,0.3708333333,0.3708333333,1
281,2019/04/22,8:55,8.92,0.3715277778,0.3715277778,1
282,2019/04/22,8:55,8.92,0.3715277778,0.3715277778,1
283,2019/04/22,8:55,8.92,0.3715277778,0.3715277778,1
284,2019/04/22,8:55,8.92,0.3715277778,0.3715277778,1
285,2019/04/22,8:56,8.93,0.3722222222,0.3722222222,1
286,2019/04/22,8:56,8.93,0.3722222222,0.3722222222,1
287,2019/04/22,8:56,8.93,0.3722222222,0.3722222222,1
288,2019/04/22,8:57,8.95,0.3729166667,0.3729166667,1
289,2019/04/22,8:57,8.95,0.3729166667,0.3729166667,1
290,2019/04/22,8:58,8.97,0.3736111111,0.3736111111,1
291,2019/04/22,9:00,9.00,0.375,0.375,1
292,2019/04/22,9:01,9.02,0.3756944444,0.3756944444,1
293,2019/04/22,9:02,9.03,0.3763888889,0.3763888889,1
294,2019/04/22,9:03,9.05,0.3770833333,0.3770833333,1
295,2019/04/22,9:03,9.05,0.3770833333,0.3770833333,1
296,2019/04/22,9:04,9.07,0.3777777778,0.3777777778,1
297,2019/04/22,9:04,9.07,0.3777777778,0.3777777778,1
298,2019/04/22,9:04,9.07,0.3777777778,0.3777777778,1
299,2019/04/22,9:06,9.10,0.3791666667,0.3791666667,1
300,2019/04/22,9:07,9.12,0.3798611111,0.3798611111,1
301,2019/04/22,9:07,9.12,0.3798611111,0.3798611111,1
302,2019/04/22,9:08,9.13,0.3805555556,0.3805555556,1
303,2019/04/22,9:08,9.13,0.3805555556,0.3805555556,1
304,2019/04/22,9:09,9.15,0.38125,0.38125,1
305,2019/04/22,9:09,9.15,0.38125,0.38125,0
306,2019/04/22,9:09,9.15,0.38125,0.38125,1
307,2019/04/22,9:09,9.15,0.38125,0.38125,1
308,2019/04/22,9:10,9.17,0.3819444444,0.3819444444,1
309,2019/04/22,9:10,9.17,0.3819444444,0.3819444444,1
310,2019/04/22,9:10,9.17,0.3819444444,0.3819444444,1
311,2019/04/22,9:11,9.18,0.3826388889,0.3826388889,1
312,2019/04/22,9:11,9.18,0.3826388889,0.3826388889,1
313,2019/04/22,9:11,9.18,0.3826388889,0.3826388889,1
314,2019/04/22,9:12,9.20,0.3833333333,0.3833333333,0
315,2019/04/22,9:13,9.22,0.3840277778,0.3840277778,1
316,2019/04/22,9:13,9.22,0.3840277778,0.3840277778,1
317,2019/04/22,9:13,9.22,0.3840277778,0.3840277778,1
318,2019/04/22,9:14,9.23,0.3847222222,0.3847222222,1
319,2019/04/22,9:14,9.23,0.3847222222,0.3847222222,1
320,2019/04/22,9:14,9.23,0.3847222222,0.3847222222,1
321,2019/04/22,9:15,9.25,0.3854166667,0.3854166667,1
322,2019/04/22,9:16,9.27,0.3861111111,0.3861111111,1
323,2019/04/22,9:16,9.27,0.3861111111,0.3861111111,1
324,2019/04/22,9:16,9.27,0.3861111111,0.3861111111,1
325,2019/04/22,9:17,9.28,0.3868055556,0.3868055556,1
326,2019/04/22,9:19,9.32,0.3881944444,0.3881944444,1
327,2019/04/22,9:19,9.32,0.3881944444,0.3881944444,1
328,2019/04/22,9:20,9.33,0.3888888889,0.3888888889,1
329,2019/04/22,9:20,9.33,0.3888888889,0.3888888889,1
330,2019/04/22,9:23,9.38,0.3909722222,0.3909722222,1
331,2019/04/22,9:25,9.42,0.3923611111,0.3923611111,1
332,2019/04/22,9:25,9.42,0.3923611111,0.3923611111,1
333,2019/04/22,9:25,9.42,0.3923611111,0.3923611111,1
334,2019/04/22,9:26,9.43,0.3930555556,0.3930555556,1
335,2019/04/22,9:27,9.45,0.39375,0.39375,1
336,2019/04/22,9:27,9.45,0.39375,0.39375,1
337,2019/04/22,9:27,9.45,0.39375,0.39375,1
338,2019/04/22,9:28,9.47,0.3944444444,0.3944444444,1
339,2019/04/22,9:28,9.47,0.3944444444,0.3944444444,1
340,2019/04/22,9:29,9.48,0.3951388889,0.3951388889,1
341,2019/04/22,9:29,9.48,0.3951388889,0.3951388889,1
342,2019/04/22,9:30,9.50,0.3958333333,0.3958333333,1
343,2019/04/22,9:30,9.50,0.3958333333,0.3958333333,1
344,2019/04/22,9:32,9.53,0.3972222222,0.3972222222,1
345,2019/04/22,9:32,9.53,0.3972222222,0.3972222222,1
346,2019/04/22,9:33,9.55,0.3979166667,0.3979166667,1
347,2019/04/22,9:34,9.57,0.3986111111,0.3986111111,1
348,2019/04/22,9:35,9.58,0.3993055556,0.3993055556,1
349,2019/04/22,9:35,9.58,0.3993055556,0.3993055556,1
350,2019/04/22,9:36,9.60,0.4,0.4,1
351,2019/04/22,9:37,9.62,0.4006944444,0.4006944444,1
352,2019/04/22,9:38,9.63,0.4013888889,0.4013888889,0
353,2019/04/22,9:38,9.63,0.4013888889,0.4013888889,1
354,2019/04/22,9:38,9.63,0.4013888889,0.4013888889,1
355,2019/04/22,9:39,9.65,0.4020833333,0.4020833333,1
356,2019/04/22,9:39,9.65,0.4020833333,0.4020833333,1
357,2019/04/22,9:39,9.65,0.4020833333,0.4020833333,1
358,2019/04/22,9:42,9.70,0.4041666667,0.4041666667,1
359,2019/04/22,9:43,9.72,0.4048611111,0.4048611111,1
360,2019/04/22,9:43,9.72,0.4048611111,0.4048611111,1
361,2019/04/22,9:43,9.72,0.4048611111,0.4048611111,1
362,2019/04/22,9:43,9.72,0.4048611111,0.4048611111,1
363,2019/04/22,9:44,9.73,0.4055555556,0.4055555556,1
364,2019/04/22,9:44,9.73,0.4055555556,0.4055555556,1
365,2019/04/22,9:44,9.73,0.4055555556,0.4055555556,1
366,2019/04/22,9:45,9.75,0.40625,0.40625,1
367,2019/04/22,9:46,9.77,0.4069444444,0.4069444444,1
368,2019/04/22,9:46,9.77,0.4069444444,0.4069444444,1
369,2019/04/22,9:46,9.77,0.4069444444,0.4069444444,1
370,2019/04/22,9:48,9.80,0.4083333333,0.4083333333,1
371,2019/04/22,9:48,9.80,0.4083333333,0.4083333333,1
372,2019/04/22,9:49,9.82,0.4090277778,0.4090277778,1
373,2019/04/22,9:50,9.83,0.4097222222,0.4097222222,0
374,2019/04/22,9:50,9.83,0.4097222222,0.4097222222,1
375,2019/04/22,9:50,9.83,0.4097222222,0.4097222222,1
376,2019/04/22,9:53,9.88,0.4118055556,0.4118055556,1
377,2019/04/22,9:53,9.88,0.4118055556,0.4118055556,1
378,2019/04/22,9:54,9.90,0.4125,0.4125,1
379,2019/04/22,9:54,9.90,0.4125,0.4125,1
380,2019/04/22,9:55,9.92,0.4131944444,0.4131944444,1
381,2019/04/22,9:56,9.93,0.4138888889,0.4138888889,1
382,2019/04/22,9:56,9.93,0.4138888889,0.4138888889,1
383,2019/04/22,9:57,9.95,0.4145833333,0.4145833333,1
384,2019/04/22,9:57,9.95,0.4145833333,0.4145833333,1
385,2019/04/22,9:57,9.95,0.4145833333,0.4145833333,1
386,2019/04/22,9:58,9.97,0.4152777778,0.4152777778,1
387,2019/04/22,9:58,9.97,0.4152777778,0.4152777778,1
388,2019/04/22,10:02,10.03,0.4180555556,0.4180555556,1
389,2019/04/22,10:03,10.05,0.41875,0.41875,1
390,2019/04/22,10:04,10.07,0.4194444444,0.4194444444,1
391,2019/04/22,10:05,10.08,0.4201388889,0.4201388889,1
392,2019/04/22,10:06,10.10,0.4208333333,0.4208333333,1
393,2019/04/22,10:06,10.10,0.4208333333,0.4208333333,1
394,2019/04/22,10:07,10.12,0.4215277778,0.4215277778,1
395,2019/04/22,10:09,10.15,0.4229166667,0.4229166667,1
396,2019/04/22,10:09,10.15,0.4229166667,0.4229166667,1
397,2019/04/22,10:09,10.15,0.4229166667,0.4229166667,1
398,2019/04/22,10:10,10.17,0.4236111111,0.4236111111,1
399,2019/04/22,10:10,10.17,0.4236111111,0.4236111111,1
400,2019/04/22,10:11,10.18,0.4243055556,0.4243055556,1
401,2019/04/22,10:12,10.20,0.425,0.425,0
402,2019/04/22,10:12,10.20,0.425,0.425,1
403,2019/04/22,10:12,10.20,0.425,0.425,1
404,2019/04/22,10:13,10.22,0.4256944444,0.4256944444,1
405,2019/04/22,10:13,10.22,0.4256944444,0.4256944444,1
406,2019/04/22,10:14,10.23,0.4263888889,0.4263888889,1
407,2019/04/22,10:14,10.23,0.4263888889,0.4263888889,1
408,2019/04/22,10:15,10.25,0.4270833333,0.4270833333,1
409,2019/04/22,10:16,10.27,0.4277777778,0.4277777778,1
410,2019/04/22,10:16,10.27,0.4277777778,0.4277777778,0
411,2019/04/22,10:17,10.28,0.4284722222,0.4284722222,1
412,2019/04/22,10:17,10.28,0.4284722222,0.4284722222,1
413,2019/04/22,10:17,10.28,0.4284722222,0.4284722222,1
414,2019/04/22,10:18,10.30,0.4291666667,0.4291666667,1
415,2019/04/22,10:18,10.30,0.4291666667,0.4291666667,1
416,2019/04/22,10:18,10.30,0.4291666667,0.4291666667,1
417,2019/04/22,10:21,10.35,0.43125,0.43125,1
418,2019/04/22,10:21,10.35,0.43125,0.43125,1
419,2019/04/22,10:21,10.35,0.43125,0.43125,1
420,2019/04/22,10:22,10.37,0.4319444444,0.4319444444,0
421,2019/04/22,10:22,10.37,0.4319444444,0.4319444444,1
422,2019/04/22,10:22,10.37,0.4319444444,0.4319444444,1
423,2019/04/22,10:26,10.43,0.4347222222,0.4347222222,1
424,2019/04/22,10:26,10.43,0.4347222222,0.4347222222,1
425,2019/04/22,10:26,10.43,0.4347222222,0.4347222222,1
426,2019/04/22,10:27,10.45,0.4354166667,0.4354166667,1
427,2019/04/22,10:28,10.47,0.4361111111,0.4361111111,1
428,2019/04/22,10:28,10.47,0.4361111111,0.4361111111,1
429,2019/04/22,10:28,10.47,0.4361111111,0.4361111111,1
430,2019/04/22,10:29,10.48,0.4368055556,0.4368055556,1
431,2019/04/22,10:30,10.50,0.4375,0.4375,0
432,2019/04/22,10:30,10.50,0.4375,0.4375,1
433,2019/04/22,10:30,10.50,0.4375,0.4375,1
434,2019/04/22,10:31,10.52,0.4381944444,0.4381944444,1
435,2019/04/22,10:32,10.53,0.4388888889,0.4388888889,1
436,2019/04/22,10:33,10.55,0.4395833333,0.4395833333,1
437,2019/04/22,10:34,10.57,0.4402777778,0.4402777778,1
438,2019/04/22,10:34,10.57,0.4402777778,0.4402777778,1
439,2019/04/22,10:34,10.57,0.4402777778,0.4402777778,1
440,2019/04/22,10:38,10.63,0.4430555556,0.4430555556,1
441,2019/04/22,10:38,10.63,0.4430555556,0.4430555556,1
442,2019/04/22,10:41,10.68,0.4451388889,0.4451388889,1
443,2019/04/22,10:41,10.68,0.4451388889,0.4451388889,0
444,2019/04/22,10:41,10.68,0.4451388889,0.4451388889,1
445,2019/04/22,10:42,10.70,0.4458333333,0.4458333333,1
446,2019/04/22,10:43,10.72,0.4465277778,0.4465277778,1
447,2019/04/22,10:43,10.72,0.4465277778,0.4465277778,1
448,2019/04/22,10:43,10.72,0.4465277778,0.4465277778,1
449,2019/04/22,10:44,10.73,0.4472222222,0.4472222222,1
450,2019/04/22,10:44,10.73,0.4472222222,0.4472222222,1
451,2019/04/22,10:45,10.75,0.4479166667,0.4479166667,1
452,2019/04/22,10:45,10.75,0.4479166667,0.4479166667,1
453,2019/04/22,10:45,10.75,0.4479166667,0.4479166667,1
454,2019/04/22,10:45,10.75,0.4479166667,0.4479166667,1
455,2019/04/22,10:46,10.77,0.4486111111,0.4486111111,1
456,2019/04/22,10:46,10.77,0.4486111111,0.4486111111,1
457,2019/04/22,10:47,10.78,0.4493055556,0.4493055556,1
458,2019/04/22,10:47,10.78,0.4493055556,0.4493055556,1
459,2019/04/22,10:48,10.80,0.45,0.45,1
460,2019/04/22,10:48,10.80,0.45,0.45,1
461,2019/04/22,10:49,10.82,0.4506944444,0.4506944444,1
462,2019/04/22,10:49,10.82,0.4506944444,0.4506944444,1
463,2019/04/22,10:50,10.83,0.4513888889,0.4513888889,1
464,2019/04/22,10:50,10.83,0.4513888889,0.4513888889,0
465,2019/04/22,10:52,10.87,0.4527777778,0.4527777778,1
466,2019/04/22,10:52,10.87,0.4527777778,0.4527777778,1
467,2019/04/22,10:53,10.88,0.4534722222,0.4534722222,1
468,2019/04/22,10:53,10.88,0.4534722222,0.4534722222,1
469,2019/04/22,10:55,10.92,0.4548611111,0.4548611111,1
470,2019/04/22,10:55,10.92,0.4548611111,0.4548611111,1
471,2019/04/22,10:55,10.92,0.4548611111,0.4548611111,1
472,2019/04/22,10:55,10.92,0.4548611111,0.4548611111,1
473,2019/04/22,10:56,10.93,0.4555555556,0.4555555556,1
474,2019/04/22,10:56,10.93,0.4555555556,0.4555555556,1
475,2019/04/22,10:56,10.93,0.4555555556,0.4555555556,1
476,2019/04/22,10:57,10.95,0.45625,0.45625,1
477,2019/04/22,10:58,10.97,0.4569444444,0.4569444444,1
478,2019/04/22,10:58,10.97,0.4569444444,0.4569444444,1
479,2019/04/22,10:58,10.97,0.4569444444,0.4569444444,1
480,2019/04/22,10:59,10.98,0.4576388889,0.4576388889,1
481,2019/04/22,10:59,10.98,0.4576388889,0.4576388889,1
482,2019/04/22,10:59,10.98,0.4576388889,0.4576388889,0
483,2019/04/22,11:00,11.00,0.4583333333,0.4583333333,1
484,2019/04/22,11:01,11.02,0.4590277778,0.4590277778,1
485,2019/04/22,11:01,11.02,0.4590277778,0.4590277778,1
486,2019/04/22,11:02,11.03,0.4597222222,0.4597222222,1
487,2019/04/22,11:03,11.05,0.4604166667,0.4604166667,1
488,2019/04/22,11:03,11.05,0.4604166667,0.4604166667,1
489,2019/04/22,11:04,11.07,0.4611111111,0.4611111111,1
490,2019/04/22,11:04,11.07,0.4611111111,0.4611111111,1
491,2019/04/22,11:04,11.07,0.4611111111,0.4611111111,1
492,2019/04/22,11:05,11.08,0.4618055556,0.4618055556,1
493,2019/04/22,11:06,11.10,0.4625,0.4625,1
494,2019/04/22,11:06,11.10,0.4625,0.4625,1
495,2019/04/22,11:07,11.12,0.4631944444,0.4631944444,1
496,2019/04/22,11:07,11.12,0.4631944444,0.4631944444,0
497,2019/04/22,11:08,11.13,0.4638888889,0.4638888889,0
498,2019/04/22,11:10,11.17,0.4652777778,0.4652777778,0
499,2019/04/22,11:10,11.17,0.4652777778,0.4652777778,0
500,2019/04/22,11:10,11.17,0.4652777778,0.4652777778,0
501,2019/04/22,11:10,11.17,0.4652777778,0.4652777778,0
502,2019/04/22,11:10,11.17,0.4652777778,0.4652777778,0
503,2019/04/22,11:11,11.18,0.4659722222,0.4659722222,0
504,2019/04/22,11:11,11.18,0.4659722222,0.4659722222,0
505,2019/04/22,11:11,11.18,0.4659722222,0.4659722222,1
506,2019/04/22,11:12,11.20,0.4666666667,0.4666666667,1
507,2019/04/22,11:12,11.20,0.4666666667,0.4666666667,1
508,2019/04/22,11:13,11.22,0.4673611111,0.4673611111,1
509,2019/04/22,11:14,11.23,0.4680555556,0.4680555556,1
510,2019/04/22,11:14,11.23,0.4680555556,0.4680555556,1
511,2019/04/22,11:15,11.25,0.46875,0.46875,1
512,2019/04/22,11:15,11.25,0.46875,0.46875,1
513,2019/04/22,11:15,11.25,0.46875,0.46875,1
514,2019/04/22,11:15,11.25,0.46875,0.46875,1
515,2019/04/22,11:16,11.27,0.4694444444,0.4694444444,1
516,2019/04/22,11:16,11.27,0.4694444444,0.4694444444,1
517,2019/04/22,11:17,11.28,0.4701388889,0.4701388889,1
518,2019/04/22,11:17,11.28,0.4701388889,0.4701388889,1
519,2019/04/22,11:17,11.28,0.4701388889,0.4701388889,1
520,2019/04/22,11:18,11.30,0.4708333333,0.4708333333,1
521,2019/04/22,11:19,11.32,0.4715277778,0.4715277778,1
522,2019/04/22,11:19,11.32,0.4715277778,0.4715277778,1
523,2019/04/22,11:19,11.32,0.4715277778,0.4715277778,1
524,2019/04/22,11:19,11.32,0.4715277778,0.4715277778,1
525,2019/04/22,11:21,11.35,0.4729166667,0.4729166667,0
526,2019/04/22,11:22,11.37,0.4736111111,0.4736111111,0
527,2019/04/22,11:22,11.37,0.4736111111,0.4736111111,0
528,2019/04/22,11:22,11.37,0.4736111111,0.4736111111,0
529,2019/04/22,11:22,11.37,0.4736111111,0.4736111111,0
530,2019/04/22,11:23,11.38,0.4743055556,0.4743055556,0
531,2019/04/22,11:24,11.40,0.475,0.475,0
532,2019/04/22,11:26,11.43,0.4763888889,0.4763888889,0
533,2019/04/22,11:26,11.43,0.4763888889,0.4763888889,0
534,2019/04/22,11:26,11.43,0.4763888889,0.4763888889,0
535,2019/04/22,11:27,11.45,0.4770833333,0.4770833333,0
536,2019/04/22,11:27,11.45,0.4770833333,0.4770833333,0
537,2019/04/22,11:28,11.47,0.4777777778,0.4777777778,0
538,2019/04/22,11:28,11.47,0.4777777778,0.4777777778,0
539,2019/04/22,11:30,11.50,0.4791666667,0.4791666667,0
540,2019/04/22,11:31,11.52,0.4798611111,0.4798611111,0
541,2019/04/22,11:31,11.52,0.4798611111,0.4798611111,0
542,2019/04/22,11:33,11.55,0.48125,0.48125,0
543,2019/04/22,11:33,11.55,0.48125,0.48125,0
544,2019/04/22,11:34,11.57,0.4819444444,0.4819444444,0
545,2019/04/22,11:35,11.58,0.4826388889,0.4826388889,0
546,2019/04/22,11:36,11.60,0.4833333333,0.4833333333,0
547,2019/04/22,11:36,11.60,0.4833333333,0.4833333333,0
548,2019/04/22,11:37,11.62,0.4840277778,0.4840277778,0
549,2019/04/22,11:37,11.62,0.4840277778,0.4840277778,0
550,2019/04/22,11:37,11.62,0.4840277778,0.4840277778,0
551,2019/04/22,11:38,11.63,0.4847222222,0.4847222222,0
552,2019/04/22,11:39,11.65,0.4854166667,0.4854166667,0
553,2019/04/22,11:39,11.65,0.4854166667,0.4854166667,0
554,2019/04/22,11:39,11.65,0.4854166667,0.4854166667,0
555,2019/04/22,11:39,11.65,0.4854166667,0.4854166667,0
556,2019/04/22,11:40,11.67,0.4861111111,0.4861111111,0
557,2019/04/22,11:40,11.67,0.4861111111,0.4861111111,0
558,2019/04/22,11:41,11.68,0.4868055556,0.4868055556,0
559,2019/04/22,11:41,11.68,0.4868055556,0.4868055556,0
560,2019/04/22,11:42,11.70,0.4875,0.4875,0
561,2019/04/22,11:42,11.70,0.4875,0.4875,0
562,2019/04/22,11:42,11.70,0.4875,0.4875,0
563,2019/04/22,11:45,11.75,0.4895833333,0.4895833333,0
564,2019/04/22,11:45,11.75,0.4895833333,0.4895833333,0
565,2019/04/22,11:46,11.77,0.4902777778,0.4902777778,0
566,2019/04/22,11:46,11.77,0.4902777778,0.4902777778,0
567,2019/04/22,11:47,11.78,0.4909722222,0.4909722222,0
568,2019/04/22,11:48,11.80,0.4916666667,0.4916666667,0
569,2019/04/22,11:48,11.80,0.4916666667,0.4916666667,0
570,2019/04/22,11:49,11.82,0.4923611111,0.4923611111,0
571,2019/04/22,11:50,11.83,0.4930555556,0.4930555556,0
572,2019/04/22,11:50,11.83,0.4930555556,0.4930555556,0
573,2019/04/22,11:50,11.83,0.4930555556,0.4930555556,0
574,2019/04/22,11:51,11.85,0.49375,0.49375,0
575,2019/04/22,11:52,11.87,0.4944444444,0.4944444444,0
576,2019/04/22,11:52,11.87,0.4944444444,0.4944444444,0
577,2019/04/22,11:53,11.88,0.4951388889,0.4951388889,0
578,2019/04/22,11:54,11.90,0.4958333333,0.4958333333,0
579,2019/04/22,11:54,11.90,0.4958333333,0.4958333333,0
580,2019/04/22,11:54,11.90,0.4958333333,0.4958333333,0
581,2019/04/22,11:55,11.92,0.4965277778,0.4965277778,0
582,2019/04/22,11:56,11.93,0.4972222222,0.4972222222,0
583,2019/04/22,11:56,11.93,0.4972222222,0.4972222222,0
584,2019/04/22,11:56,11.93,0.4972222222,0.4972222222,0
585,2019/04/22,11:56,11.93,0.4972222222,0.4972222222,0
586,2019/04/22,11:56,11.93,0.4972222222,0.4972222222,0
587,2019/04/22,11:56,11.93,0.4972222222,0.4972222222,0
588,2019/04/22,11:57,11.95,0.4979166667,0.4979166667,0
589,2019/04/22,11:58,11.97,0.4986111111,0.4986111111,0
590,2019/04/22,11:58,11.97,0.4986111111,0.4986111111,0
591,2019/04/22,11:59,11.98,0.4993055556,0.4993055556,0
592,2019/04/22,11:59,11.98,0.4993055556,0.4993055556,0
593,2019/04/22,12:00,12.00,0.5,0.5,0
594,2019/04/22,12:00,12.00,0.5,0.5,0
595,2019/04/22,12:01,12.02,0.5006944444,0.5006944444,0
596,2019/04/22,12:01,12.02,0.5006944444,0.5006944444,0
597,2019/04/22,12:01,12.02,0.5006944444,0.5006944444,0
598,2019/04/22,12:02,12.03,0.5013888889,0.5013888889,0
599,2019/04/22,12:02,12.03,0.5013888889,0.5013888889,0
600,2019/04/22,12:04,12.07,0.5027777778,0.5027777778,0
601,2019/04/22,12:06,12.10,0.5041666667,0.5041666667,0
602,2019/04/22,12:07,12.12,0.5048611111,0.5048611111,0
603,2019/04/22,12:07,12.12,0.5048611111,0.5048611111,0
604,2019/04/22,12:07,12.12,0.5048611111,0.5048611111,0
605,2019/04/22,12:08,12.13,0.5055555556,0.5055555556,0
606,2019/04/22,12:08,12.13,0.5055555556,0.5055555556,0
607,2019/04/22,12:08,12.13,0.5055555556,0.5055555556,0
608,2019/04/22,12:09,12.15,0.50625,0.50625,0
609,2019/04/22,12:09,12.15,0.50625,0.50625,0
610,2019/04/22,12:10,12.17,0.5069444444,0.5069444444,0
611,2019/04/22,12:11,12.18,0.5076388889,0.5076388889,1
612,2019/04/22,12:11,12.18,0.5076388889,0.5076388889,0
613,2019/04/22,12:11,12.18,0.5076388889,0.5076388889,1
614,2019/04/22,12:11,12.18,0.5076388889,0.5076388889,0
615,2019/04/22,12:11,12.18,0.5076388889,0.5076388889,0
616,2019/04/22,12:12,12.20,0.5083333333,0.5083333333,0
617,2019/04/22,12:12,12.20,0.5083333333,0.5083333333,0
618,2019/04/22,12:12,12.20,0.5083333333,0.5083333333,0
619,2019/04/22,12:13,12.22,0.5090277778,0.5090277778,1
620,2019/04/22,12:13,12.22,0.5090277778,0.5090277778,0
621,2019/04/22,12:13,12.22,0.5090277778,0.5090277778,0
622,2019/04/22,12:14,12.23,0.5097222222,0.5097222222,0
623,2019/04/22,12:14,12.23,0.5097222222,0.5097222222,0
624,2019/04/22,12:15,12.25,0.5104166667,0.5104166667,1
625,2019/04/22,12:15,12.25,0.5104166667,0.5104166667,0
626,2019/04/22,12:17,12.28,0.5118055556,0.5118055556,0
627,2019/04/22,12:17,12.28,0.5118055556,0.5118055556,0
628,2019/04/22,12:17,12.28,0.5118055556,0.5118055556,1
629,2019/04/22,12:18,12.30,0.5125,0.5125,0
630,2019/04/22,12:18,12.30,0.5125,0.5125,0
631,2019/04/22,12:19,12.32,0.5131944444,0.5131944444,0
632,2019/04/22,12:19,12.32,0.5131944444,0.5131944444,1
633,2019/04/22,12:19,12.32,0.5131944444,0.5131944444,0
634,2019/04/22,12:20,12.33,0.5138888889,0.5138888889,0
635,2019/04/22,12:20,12.33,0.5138888889,0.5138888889,0
636,2019/04/22,12:20,12.33,0.5138888889,0.5138888889,1
637,2019/04/22,12:21,12.35,0.5145833333,0.5145833333,0
638,2019/04/22,12:22,12.37,0.5152777778,0.5152777778,0
639,2019/04/22,12:23,12.38,0.5159722222,0.5159722222,0
640,2019/04/22,12:23,12.38,0.5159722222,0.5159722222,0
641,2019/04/22,12:23,12.38,0.5159722222,0.5159722222,1
642,2019/04/22,12:23,12.38,0.5159722222,0.5159722222,0
643,2019/04/22,12:24,12.40,0.5166666667,0.5166666667,0
644,2019/04/22,12:24,12.40,0.5166666667,0.5166666667,0
645,2019/04/22,12:24,12.40,0.5166666667,0.5166666667,1
646,2019/04/22,12:25,12.42,0.5173611111,0.5173611111,0
647,2019/04/22,12:26,12.43,0.5180555556,0.5180555556,0
648,2019/04/22,12:28,12.47,0.5194444444,0.5194444444,0
649,2019/04/22,12:28,12.47,0.5194444444,0.5194444444,1
650,2019/04/22,12:29,12.48,0.5201388889,0.5201388889,0
651,2019/04/22,12:29,12.48,0.5201388889,0.5201388889,0
652,2019/04/22,12:31,12.52,0.5215277778,0.5215277778,1
653,2019/04/22,12:31,12.52,0.5215277778,0.5215277778,1
654,2019/04/22,12:31,12.52,0.5215277778,0.5215277778,1
655,2019/04/22,12:31,12.52,0.5215277778,0.5215277778,1
656,2019/04/22,12:32,12.53,0.5222222222,0.5222222222,1
657,2019/04/22,12:33,12.55,0.5229166667,0.5229166667,0
658,2019/04/22,12:33,12.55,0.5229166667,0.5229166667,1
659,2019/04/22,12:33,12.55,0.5229166667,0.5229166667,1
660,2019/04/22,12:35,12.58,0.5243055556,0.5243055556,1
661,2019/04/22,12:36,12.60,0.525,0.525,1
662,2019/04/22,12:36,12.60,0.525,0.525,0
663,2019/04/22,12:37,12.62,0.5256944444,0.5256944444,1
664,2019/04/22,12:38,12.63,0.5263888889,0.5263888889,1
665,2019/04/22,12:39,12.65,0.5270833333,0.5270833333,1
666,2019/04/22,12:39,12.65,0.5270833333,0.5270833333,1
667,2019/04/22,12:39,12.65,0.5270833333,0.5270833333,1
668,2019/04/22,12:41,12.68,0.5284722222,0.5284722222,0
669,2019/04/22,12:41,12.68,0.5284722222,0.5284722222,1
670,2019/04/22,12:43,12.72,0.5298611111,0.5298611111,1
671,2019/04/22,12:43,12.72,0.5298611111,0.5298611111,1
672,2019/04/22,12:44,12.73,0.5305555556,0.5305555556,1
673,2019/04/22,12:44,12.73,0.5305555556,0.5305555556,1
674,2019/04/22,12:44,12.73,0.5305555556,0.5305555556,0
675,2019/04/22,12:44,12.73,0.5305555556,0.5305555556,1
676,2019/04/22,12:45,12.75,0.53125,0.53125,1
677,2019/04/22,12:45,12.75,0.53125,0.53125,0
678,2019/04/22,12:46,12.77,0.5319444444,0.5319444444,0
679,2019/04/22,12:46,12.77,0.5319444444,0.5319444444,1
680,2019/04/22,12:47,12.78,0.5326388889,0.5326388889,1
681,2019/04/22,12:50,12.83,0.5347222222,0.5347222222,1
682,2019/04/22,12:50,12.83,0.5347222222,0.5347222222,1
683,2019/04/22,12:50,12.83,0.5347222222,0.5347222222,1
684,2019/04/22,12:50,12.83,0.5347222222,0.5347222222,1
685,2019/04/22,12:52,12.87,0.5361111111,0.5361111111,1
686,2019/04/22,12:52,12.87,0.5361111111,0.5361111111,1
687,2019/04/22,12:53,12.88,0.5368055556,0.5368055556,0
688,2019/04/22,12:53,12.88,0.5368055556,0.5368055556,1
689,2019/04/22,12:53,12.88,0.5368055556,0.5368055556,1
690,2019/04/22,12:54,12.90,0.5375,0.5375,1
691,2019/04/22,12:55,12.92,0.5381944444,0.5381944444,0
692,2019/04/22,12:55,12.92,0.5381944444,0.5381944444,1
693,2019/04/22,12:55,12.92,0.5381944444,0.5381944444,1
694,2019/04/22,12:56,12.93,0.5388888889,0.5388888889,0
695,2019/04/22,12:56,12.93,0.5388888889,0.5388888889,1
696,2019/04/22,13:00,13.00,0.5416666667,0.5416666667,1
697,2019/04/22,13:00,13.00,0.5416666667,0.5416666667,1
698,2019/04/22,13:00,13.00,0.5416666667,0.5416666667,0
699,2019/04/22,13:03,13.05,0.54375,0.54375,0
700,2019/04/22,13:05,13.08,0.5451388889,0.5451388889,0
701,2019/04/22,13:06,13.10,0.5458333333,0.5458333333,0
702,2019/04/22,13:06,13.10,0.5458333333,0.5458333333,0
703,2019/04/22,13:07,13.12,0.5465277778,0.5465277778,0
704,2019/04/22,13:07,13.12,0.5465277778,0.5465277778,0
705,2019/04/22,13:08,13.13,0.5472222222,0.5472222222,0
706,2019/04/22,13:08,13.13,0.5472222222,0.5472222222,0
707,2019/04/22,13:08,13.13,0.5472222222,0.5472222222,0
708,2019/04/22,13:09,13.15,0.5479166667,0.5479166667,0
709,2019/04/22,13:09,13.15,0.5479166667,0.5479166667,1
710,2019/04/22,13:09,13.15,0.5479166667,0.5479166667,0
711,2019/04/22,13:09,13.15,0.5479166667,0.5479166667,1
712,2019/04/22,13:09,13.15,0.5479166667,0.5479166667,0
713,2019/04/22,13:09,13.15,0.5479166667,0.5479166667,1
714,2019/04/22,13:10,13.17,0.5486111111,0.5486111111,0
715,2019/04/22,13:12,13.20,0.55,0.55,1
716,2019/04/22,13:12,13.20,0.55,0.55,0
717,2019/04/22,13:12,13.20,0.55,0.55,1
718,2019/04/22,13:12,13.20,0.55,0.55,0
719,2019/04/22,13:13,13.22,0.5506944444,0.5506944444,1
720,2019/04/22,13:14,13.23,0.5513888889,0.5513888889,0
721,2019/04/22,13:14,13.23,0.5513888889,0.5513888889,1
722,2019/04/22,13:15,13.25,0.5520833333,0.5520833333,0
723,2019/04/22,13:15,13.25,0.5520833333,0.5520833333,1
724,2019/04/22,13:16,13.27,0.5527777778,0.5527777778,0
725,2019/04/22,13:16,13.27,0.5527777778,0.5527777778,1
726,2019/04/22,13:17,13.28,0.5534722222,0.5534722222,0
727,2019/04/22,13:18,13.30,0.5541666667,0.5541666667,1
728,2019/04/22,13:20,13.33,0.5555555556,0.5555555556,0
729,2019/04/22,13:21,13.35,0.55625,0.55625,0
730,2019/04/22,13:22,13.37,0.5569444444,0.5569444444,0
731,2019/04/22,13:23,13.38,0.5576388889,0.5576388889,1
732,2019/04/22,13:24,13.40,0.5583333333,0.5583333333,1
733,2019/04/22,13:24,13.40,0.5583333333,0.5583333333,0
734,2019/04/22,13:24,13.40,0.5583333333,0.5583333333,0
735,2019/04/22,13:25,13.42,0.5590277778,0.5590277778,0
736,2019/04/22,13:26,13.43,0.5597222222,0.5597222222,0
737,2019/04/22,13:27,13.45,0.5604166667,0.5604166667,0
738,2019/04/22,13:27,13.45,0.5604166667,0.5604166667,0
739,2019/04/22,13:27,13.45,0.5604166667,0.5604166667,0
740,2019/04/22,13:28,13.47,0.5611111111,0.5611111111,0
741,2019/04/22,13:28,13.47,0.5611111111,0.5611111111,0
742,2019/04/22,13:29,13.48,0.5618055556,0.5618055556,0
743,2019/04/22,13:31,13.52,0.5631944444,0.5631944444,0
744,2019/04/22,13:32,13.53,0.5638888889,0.5638888889,1
745,2019/04/22,13:32,13.53,0.5638888889,0.5638888889,0
746,2019/04/22,13:32,13.53,0.5638888889,0.5638888889,0
747,2019/04/22,13:32,13.53,0.5638888889,0.5638888889,0
748,2019/04/22,13:32,13.53,0.5638888889,0.5638888889,0
749,2019/04/22,13:32,13.53,0.5638888889,0.5638888889,0
750,2019/04/22,13:33,13.55,0.5645833333,0.5645833333,1
751,2019/04/22,13:34,13.57,0.5652777778,0.5652777778,0
752,2019/04/22,13:34,13.57,0.5652777778,0.5652777778,0
753,2019/04/22,13:35,13.58,0.5659722222,0.5659722222,0
754,2019/04/22,13:36,13.60,0.5666666667,0.5666666667,1
755,2019/04/22,13:36,13.60,0.5666666667,0.5666666667,1
756,2019/04/22,13:36,13.60,0.5666666667,0.5666666667,0
757,2019/04/22,13:37,13.62,0.5673611111,0.5673611111,0
758,2019/04/22,13:37,13.62,0.5673611111,0.5673611111,0
759,2019/04/22,13:38,13.63,0.5680555556,0.5680555556,0
760,2019/04/22,13:38,13.63,0.5680555556,0.5680555556,1
761,2019/04/22,13:39,13.65,0.56875,0.56875,0
762,2019/04/22,13:39,13.65,0.56875,0.56875,0
763,2019/04/22,13:39,13.65,0.56875,0.56875,0
764,2019/04/22,13:40,13.67,0.5694444444,0.5694444444,0
765,2019/04/22,13:40,13.67,0.5694444444,0.5694444444,1
766,2019/04/22,13:40,13.67,0.5694444444,0.5694444444,1
767,2019/04/22,13:41,13.68,0.5701388889,0.5701388889,1
768,2019/04/22,13:41,13.68,0.5701388889,0.5701388889,0
769,2019/04/22,13:41,13.68,0.5701388889,0.5701388889,0
770,2019/04/22,13:43,13.72,0.5715277778,0.5715277778,1
771,2019/04/22,13:43,13.72,0.5715277778,0.5715277778,0
772,2019/04/22,13:44,13.73,0.5722222222,0.5722222222,0
773,2019/04/22,13:44,13.73,0.5722222222,0.5722222222,0
774,2019/04/22,13:45,13.75,0.5729166667,0.5729166667,0
775,2019/04/22,13:45,13.75,0.5729166667,0.5729166667,0
776,2019/04/22,13:46,13.77,0.5736111111,0.5736111111,0
777,2019/04/22,13:47,13.78,0.5743055556,0.5743055556,0
778,2019/04/22,13:47,13.78,0.5743055556,0.5743055556,0
779,2019/04/22,13:47,13.78,0.5743055556,0.5743055556,0
780,2019/04/22,13:49,13.82,0.5756944444,0.5756944444,0
781,2019/04/22,13:50,13.83,0.5763888889,0.5763888889,0
782,2019/04/22,13:52,13.87,0.5777777778,0.5777777778,0
783,2019/04/22,13:53,13.88,0.5784722222,0.5784722222,0
784,2019/04/22,13:53,13.88,0.5784722222,0.5784722222,0
785,2019/04/22,13:54,13.90,0.5791666667,0.5791666667,0
786,2019/04/22,13:55,13.92,0.5798611111,0.5798611111,0
787,2019/04/22,13:57,13.95,0.58125,0.58125,1
788,2019/04/22,13:57,13.95,0.58125,0.58125,0
789,2019/04/22,13:58,13.97,0.5819444444,0.5819444444,0
790,2019/04/22,13:59,13.98,0.5826388889,0.5826388889,0
791,2019/04/22,13:59,13.98,0.5826388889,0.5826388889,0
792,2019/04/22,14:00,14.00,0.5833333333,0.5833333333,0
793,2019/04/22,14:01,14.02,0.5840277778,0.5840277778,0
794,2019/04/22,14:01,14.02,0.5840277778,0.5840277778,0
795,2019/04/22,14:02,14.03,0.5847222222,0.5847222222,0
796,2019/04/22,14:02,14.03,0.5847222222,0.5847222222,0
797,2019/04/22,14:02,14.03,0.5847222222,0.5847222222,0
798,2019/04/22,14:02,14.03,0.5847222222,0.5847222222,1
799,2019/04/22,14:03,14.05,0.5854166667,0.5854166667,0
800,2019/04/22,14:04,14.07,0.5861111111,0.5861111111,0
801,2019/04/22,14:04,14.07,0.5861111111,0.5861111111,1
802,2019/04/22,14:05,14.08,0.5868055556,0.5868055556,1
803,2019/04/22,14:06,14.10,0.5875,0.5875,0
804,2019/04/22,14:06,14.10,0.5875,0.5875,0
805,2019/04/22,14:06,14.10,0.5875,0.5875,0
806,2019/04/22,14:06,14.10,0.5875,0.5875,0
807,2019/04/22,14:07,14.12,0.5881944444,0.5881944444,0
808,2019/04/22,14:07,14.12,0.5881944444,0.5881944444,0
809,2019/04/22,14:07,14.12,0.5881944444,0.5881944444,0
810,2019/04/22,14:08,14.13,0.5888888889,0.5888888889,0
811,2019/04/22,14:08,14.13,0.5888888889,0.5888888889,0
812,2019/04/22,14:09,14.15,0.5895833333,0.5895833333,0
813,2019/04/22,14:09,14.15,0.5895833333,0.5895833333,0
814,2019/04/22,14:09,14.15,0.5895833333,0.5895833333,0
815,2019/04/22,14:10,14.17,0.5902777778,0.5902777778,0
816,2019/04/22,14:10,14.17,0.5902777778,0.5902777778,0
817,2019/04/22,14:10,14.17,0.5902777778,0.5902777778,0
818,2019/04/22,14:11,14.18,0.5909722222,0.5909722222,0
819,2019/04/22,14:11,14.18,0.5909722222,0.5909722222,0
820,2019/04/22,14:12,14.20,0.5916666667,0.5916666667,0
821,2019/04/22,14:12,14.20,0.5916666667,0.5916666667,0
822,2019/04/22,14:13,14.22,0.5923611111,0.5923611111,0
823,2019/04/22,14:13,14.22,0.5923611111,0.5923611111,0
824,2019/04/22,14:14,14.23,0.5930555556,0.5930555556,0
825,2019/04/22,14:15,14.25,0.59375,0.59375,0
826,2019/04/22,14:16,14.27,0.5944444444,0.5944444444,0
827,2019/04/22,14:16,14.27,0.5944444444,0.5944444444,0
828,2019/04/22,14:17,14.28,0.5951388889,0.5951388889,1
829,2019/04/22,14:17,14.28,0.5951388889,0.5951388889,0
830,2019/04/22,14:17,14.28,0.5951388889,0.5951388889,0
831,2019/04/22,14:18,14.30,0.5958333333,0.5958333333,0
832,2019/04/22,14:19,14.32,0.5965277778,0.5965277778,0
833,2019/04/22,14:19,14.32,0.5965277778,0.5965277778,0
834,2019/04/22,14:20,14.33,0.5972222222,0.5972222222,0
835,2019/04/22,14:20,14.33,0.5972222222,0.5972222222,0
836,2019/04/22,14:20,14.33,0.5972222222,0.5972222222,0
837,2019/04/22,14:21,14.35,0.5979166667,0.5979166667,0
838,2019/04/22,14:22,14.37,0.5986111111,0.5986111111,0
839,2019/04/22,14:23,14.38,0.5993055556,0.5993055556,0
840,2019/04/22,14:23,14.38,0.5993055556,0.5993055556,0
841,2019/04/22,14:26,14.43,0.6013888889,0.6013888889,0
842,2019/04/22,14:26,14.43,0.6013888889,0.6013888889,0
843,2019/04/22,14:26,14.43,0.6013888889,0.6013888889,0
844,2019/04/22,14:26,14.43,0.6013888889,0.6013888889,0
845,2019/04/22,14:27,14.45,0.6020833333,0.6020833333,0
846,2019/04/22,14:27,14.45,0.6020833333,0.6020833333,0
847,2019/04/22,14:28,14.47,0.6027777778,0.6027777778,0
848,2019/04/22,14:28,14.47,0.6027777778,0.6027777778,0
849,2019/04/22,14:28,14.47,0.6027777778,0.6027777778,0
850,2019/04/22,14:29,14.48,0.6034722222,0.6034722222,0
851,2019/04/22,14:29,14.48,0.6034722222,0.6034722222,0
852,2019/04/22,14:29,14.48,0.6034722222,0.6034722222,0
853,2019/04/22,14:29,14.48,0.6034722222,0.6034722222,0
854,2019/04/22,14:30,14.50,0.6041666667,0.6041666667,0
855,2019/04/22,14:30,14.50,0.6041666667,0.6041666667,0
856,2019/04/22,14:30,14.50,0.6041666667,0.6041666667,0
857,2019/04/22,14:31,14.52,0.6048611111,0.6048611111,0
858,2019/04/22,14:32,14.53,0.6055555556,0.6055555556,0
859,2019/04/22,14:32,14.53,0.6055555556,0.6055555556,0
860,2019/04/22,14:32,14.53,0.6055555556,0.6055555556,0
861,2019/04/22,14:34,14.57,0.6069444444,0.6069444444,0
862,2019/04/22,14:34,14.57,0.6069444444,0.6069444444,0
863,2019/04/22,14:35,14.58,0.6076388889,0.6076388889,1
864,2019/04/22,14:35,14.58,0.6076388889,0.6076388889,0
865,2019/04/22,14:35,14.58,0.6076388889,0.6076388889,0
866,2019/04/22,14:36,14.60,0.6083333333,0.6083333333,0
867,2019/04/22,14:37,14.62,0.6090277778,0.6090277778,0
868,2019/04/22,14:37,14.62,0.6090277778,0.6090277778,0
869,2019/04/22,14:38,14.63,0.6097222222,0.6097222222,0
870,2019/04/22,14:38,14.63,0.6097222222,0.6097222222,0
871,2019/04/22,14:39,14.65,0.6104166667,0.6104166667,0
872,2019/04/22,14:40,14.67,0.6111111111,0.6111111111,0
873,2019/04/22,14:41,14.68,0.6118055556,0.6118055556,0
874,2019/04/22,14:41,14.68,0.6118055556,0.6118055556,0
875,2019/04/22,14:42,14.70,0.6125,0.6125,0
876,2019/04/22,14:42,14.70,0.6125,0.6125,1
877,2019/04/22,14:43,14.72,0.6131944444,0.6131944444,0
878,2019/04/22,14:43,14.72,0.6131944444,0.6131944444,0
879,2019/04/22,14:45,14.75,0.6145833333,0.6145833333,0
880,2019/04/22,14:45,14.75,0.6145833333,0.6145833333,0
881,2019/04/22,14:45,14.75,0.6145833333,0.6145833333,0
882,2019/04/22,14:46,14.77,0.6152777778,0.6152777778,0
883,2019/04/22,14:49,14.82,0.6173611111,0.6173611111,0
884,2019/04/22,14:49,14.82,0.6173611111,0.6173611111,0
885,2019/04/22,14:49,14.82,0.6173611111,0.6173611111,0
886,2019/04/22,14:50,14.83,0.6180555556,0.6180555556,0
887,2019/04/22,14:51,14.85,0.61875,0.61875,0
888,2019/04/22,14:52,14.87,0.6194444444,0.6194444444,0
889,2019/04/22,14:52,14.87,0.6194444444,0.6194444444,0
890,2019/04/22,14:52,14.87,0.6194444444,0.6194444444,0
891,2019/04/22,14:53,14.88,0.6201388889,0.6201388889,0
892,2019/04/22,14:53,14.88,0.6201388889,0.6201388889,0
893,2019/04/22,14:54,14.90,0.6208333333,0.6208333333,0
894,2019/04/22,14:55,14.92,0.6215277778,0.6215277778,0
895,2019/04/22,14:56,14.93,0.6222222222,0.6222222222,1
896,2019/04/22,14:56,14.93,0.6222222222,0.6222222222,0
897,2019/04/22,14:57,14.95,0.6229166667,0.6229166667,0
898,2019/04/22,14:58,14.97,0.6236111111,0.6236111111,0
899,2019/04/22,14:58,14.97,0.6236111111,0.6236111111,0
900,2019/04/22,14:59,14.98,0.6243055556,0.6243055556,0
901,2019/04/22,15:00,15.00,0.625,0.625,0
902,2019/04/22,15:00,15.00,0.625,0.625,0
903,2019/04/22,15:01,15.02,0.6256944444,0.6256944444,0
904,2019/04/22,15:02,15.03,0.6263888889,0.6263888889,0
905,2019/04/22,15:02,15.03,0.6263888889,0.6263888889,0
906,2019/04/22,15:03,15.05,0.6270833333,0.6270833333,0
907,2019/04/22,15:04,15.07,0.6277777778,0.6277777778,0
908,2019/04/22,15:05,15.08,0.6284722222,0.6284722222,0
909,2019/04/22,15:05,15.08,0.6284722222,0.6284722222,0
910,2019/04/22,15:05,15.08,0.6284722222,0.6284722222,0
911,2019/04/22,15:06,15.10,0.6291666667,0.6291666667,0
912,2019/04/22,15:06,15.10,0.6291666667,0.6291666667,0
913,2019/04/22,15:07,15.12,0.6298611111,0.6298611111,0
914,2019/04/22,15:07,15.12,0.6298611111,0.6298611111,0
915,2019/04/22,15:07,15.12,0.6298611111,0.6298611111,0
916,2019/04/22,15:08,15.13,0.6305555556,0.6305555556,0
917,2019/04/22,15:08,15.13,0.6305555556,0.6305555556,0
918,2019/04/22,15:08,15.13,0.6305555556,0.6305555556,0
919,2019/04/22,15:08,15.13,0.6305555556,0.6305555556,0
920,2019/04/22,15:08,15.13,0.6305555556,0.6305555556,0
921,2019/04/22,15:09,15.15,0.63125,0.63125,0
922,2019/04/22,15:10,15.17,0.6319444444,0.6319444444,0
923,2019/04/22,15:10,15.17,0.6319444444,0.6319444444,0
924,2019/04/22,15:11,15.18,0.6326388889,0.6326388889,0
925,2019/04/22,15:12,15.20,0.6333333333,0.6333333333,0
926,2019/04/22,15:12,15.20,0.6333333333,0.6333333333,0
927,2019/04/22,15:13,15.22,0.6340277778,0.6340277778,0
928,2019/04/22,15:14,15.23,0.6347222222,0.6347222222,0
929,2019/04/22,15:16,15.27,0.6361111111,0.6361111111,0
930,2019/04/22,15:16,15.27,0.6361111111,0.6361111111,0
931,2019/04/22,15:18,15.30,0.6375,0.6375,0
932,2019/04/22,15:18,15.30,0.6375,0.6375,0
933,2019/04/22,15:18,15.30,0.6375,0.6375,0
934,2019/04/22,15:20,15.33,0.6388888889,0.6388888889,0
935,2019/04/22,15:21,15.35,0.6395833333,0.6395833333,0
936,2019/04/22,15:21,15.35,0.6395833333,0.6395833333,0
937,2019/04/22,15:21,15.35,0.6395833333,0.6395833333,0
938,2019/04/22,15:22,15.37,0.6402777778,0.6402777778,0
939,2019/04/22,15:24,15.40,0.6416666667,0.6416666667,0
940,2019/04/22,15:24,15.40,0.6416666667,0.6416666667,0
941,2019/04/22,15:24,15.40,0.6416666667,0.6416666667,0
942,2019/04/22,15:24,15.40,0.6416666667,0.6416666667,0
943,2019/04/22,15:25,15.42,0.6423611111,0.6423611111,0
944,2019/04/22,15:25,15.42,0.6423611111,0.6423611111,0
945,2019/04/22,15:26,15.43,0.6430555556,0.6430555556,0
946,2019/04/22,15:27,15.45,0.64375,0.64375,0
947,2019/04/22,15:27,15.45,0.64375,0.64375,0
948,2019/04/22,15:27,15.45,0.64375,0.64375,0
949,2019/04/22,15:28,15.47,0.6444444444,0.6444444444,0
950,2019/04/22,15:29,15.48,0.6451388889,0.6451388889,0
951,2019/04/22,15:30,15.50,0.6458333333,0.6458333333,0
952,2019/04/22,15:30,15.50,0.6458333333,0.6458333333,0
953,2019/04/22,15:30,15.50,0.6458333333,0.6458333333,0
954,2019/04/22,15:31,15.52,0.6465277778,0.6465277778,0
955,2019/04/22,15:31,15.52,0.6465277778,0.6465277778,0
956,2019/04/22,15:33,15.55,0.6479166667,0.6479166667,0
957,2019/04/22,15:33,15.55,0.6479166667,0.6479166667,0
958,2019/04/22,15:34,15.57,0.6486111111,0.6486111111,0
959,2019/04/22,15:34,15.57,0.6486111111,0.6486111111,0
960,2019/04/22,15:35,15.58,0.6493055556,0.6493055556,1
961,2019/04/22,15:35,15.58,0.6493055556,0.6493055556,0
962,2019/04/22,15:36,15.60,0.65,0.65,0
963,2019/04/22,15:37,15.62,0.6506944444,0.6506944444,0
964,2019/04/22,15:37,15.62,0.6506944444,0.6506944444,0
965,2019/04/22,15:37,15.62,0.6506944444,0.6506944444,0
966,2019/04/22,15:40,15.67,0.6527777778,0.6527777778,0
967,2019/04/22,15:40,15.67,0.6527777778,0.6527777778,0
968,2019/04/22,15:41,15.68,0.6534722222,0.6534722222,0
969,2019/04/22,15:42,15.70,0.6541666667,0.6541666667,0
970,2019/04/22,15:42,15.70,0.6541666667,0.6541666667,0
971,2019/04/22,15:42,15.70,0.6541666667,0.6541666667,0
972,2019/04/22,15:43,15.72,0.6548611111,0.6548611111,0
973,2019/04/22,15:44,15.73,0.6555555556,0.6555555556,0
974,2019/04/22,15:45,15.75,0.65625,0.65625,0
975,2019/04/22,15:45,15.75,0.65625,0.65625,0
976,2019/04/22,15:45,15.75,0.65625,0.65625,0
977,2019/04/22,15:46,15.77,0.6569444444,0.6569444444,0
978,2019/04/22,15:47,15.78,0.6576388889,0.6576388889,0
979,2019/04/22,15:48,15.80,0.6583333333,0.6583333333,0
980,2019/04/22,15:51,15.85,0.6604166667,0.6604166667,0
981,2019/04/22,15:51,15.85,0.6604166667,0.6604166667,0
982,2019/04/22,15:52,15.87,0.6611111111,0.6611111111,0
983,2019/04/22,15:52,15.87,0.6611111111,0.6611111111,0
984,2019/04/22,15:52,15.87,0.6611111111,0.6611111111,0
985,2019/04/22,15:52,15.87,0.6611111111,0.6611111111,0
986,2019/04/22,15:53,15.88,0.6618055556,0.6618055556,0
987,2019/04/22,15:53,15.88,0.6618055556,0.6618055556,0
988,2019/04/22,15:54,15.90,0.6625,0.6625,0
989,2019/04/22,15:54,15.90,0.6625,0.6625,0
990,2019/04/22,15:54,15.90,0.6625,0.6625,0
991,2019/04/22,15:54,15.90,0.6625,0.6625,0
992,2019/04/22,15:55,15.92,0.6631944444,0.6631944444,0
993,2019/04/22,15:55,15.92,0.6631944444,0.6631944444,0
994,2019/04/22,15:56,15.93,0.6638888889,0.6638888889,0
995,2019/04/22,15:56,15.93,0.6638888889,0.6638888889,0
996,2019/04/22,15:58,15.97,0.6652777778,0.6652777778,0
997,2019/04/22,15:58,15.97,0.6652777778,0.6652777778,0
998,2019/04/22,15:59,15.98,0.6659722222,0.6659722222,0
999,2019/04/22,16:00,16.00,0.6666666667,0.6666666667,0
1000,2019/04/22,16:01,16.02,0.6673611111,0.6673611111,0
1001,2019/04/22,16:01,16.02,0.6673611111,0.6673611111,0
1002,2019/04/22,16:02,16.03,0.6680555556,0.6680555556,0
1003,2019/04/22,16:02,16.03,0.6680555556,0.6680555556,0
1004,2019/04/22,16:02,16.03,0.6680555556,0.6680555556,0
1005,2019/04/22,16:03,16.05,0.66875,0.66875,0
1006,2019/04/22,16:05,16.08,0.6701388889,0.6701388889,0
1007,2019/04/22,16:05,16.08,0.6701388889,0.6701388889,0
1008,2019/04/22,16:05,16.08,0.6701388889,0.6701388889,0
1009,2019/04/22,16:06,16.10,0.6708333333,0.6708333333,0
1010,2019/04/22,16:06,16.10,0.6708333333,0.6708333333,0
1011,2019/04/22,16:06,16.10,0.6708333333,0.6708333333,0
1012,2019/04/22,16:07,16.12,0.6715277778,0.6715277778,0
1013,2019/04/22,16:07,16.12,0.6715277778,0.6715277778,0
1014,2019/04/22,16:08,16.13,0.6722222222,0.6722222222,0
1015,2019/04/22,16:09,16.15,0.6729166667,0.6729166667,0
1016,2019/04/22,16:09,16.15,0.6729166667,0.6729166667,0
1017,2019/04/22,16:10,16.17,0.6736111111,0.6736111111,0
1018,2019/04/22,16:11,16.18,0.6743055556,0.6743055556,0
1019,2019/04/22,16:12,16.20,0.675,0.675,0
1020,2019/04/22,16:14,16.23,0.6763888889,0.6763888889,0
1021,2019/04/22,16:14,16.23,0.6763888889,0.6763888889,0
1022,2019/04/22,16:16,16.27,0.6777777778,0.6777777778,0
1023,2019/04/22,16:16,16.27,0.6777777778,0.6777777778,0
1024,2019/04/22,16:17,16.28,0.6784722222,0.6784722222,0
1025,2019/04/22,16:17,16.28,0.6784722222,0.6784722222,0
1026,2019/04/22,16:18,16.30,0.6791666667,0.6791666667,0
1027,2019/04/22,16:18,16.30,0.6791666667,0.6791666667,0
1028,2019/04/22,16:19,16.32,0.6798611111,0.6798611111,0
1029,2019/04/22,16:19,16.32,0.6798611111,0.6798611111,0
1030,2019/04/22,16:19,16.32,0.6798611111,0.6798611111,0
1031,2019/04/22,16:20,16.33,0.6805555556,0.6805555556,0
1032,2019/04/22,16:20,16.33,0.6805555556,0.6805555556,0
1033,2019/04/22,16:21,16.35,0.68125,0.68125,0
1034,2019/04/22,16:23,16.38,0.6826388889,0.6826388889,0
1035,2019/04/22,16:24,16.40,0.6833333333,0.6833333333,0
1036,2019/04/22,16:24,16.40,0.6833333333,0.6833333333,0
1037,2019/04/22,16:25,16.42,0.6840277778,0.6840277778,0
1038,2019/04/22,16:25,16.42,0.6840277778,0.6840277778,0
1039,2019/04/22,16:25,16.42,0.6840277778,0.6840277778,0
1040,2019/04/22,16:25,16.42,0.6840277778,0.6840277778,0
1041,2019/04/22,16:27,16.45,0.6854166667,0.6854166667,0
1042,2019/04/22,16:27,16.45,0.6854166667,0.6854166667,0
1043,2019/04/22,16:29,16.48,0.6868055556,0.6868055556,0
1044,2019/04/22,16:29,16.48,0.6868055556,0.6868055556,0
1045,2019/04/22,16:29,16.48,0.6868055556,0.6868055556,0
1046,2019/04/22,16:29,16.48,0.6868055556,0.6868055556,0
1047,2019/04/22,16:29,16.48,0.6868055556,0.6868055556,0
1048,2019/04/22,16:29,16.48,0.6868055556,0.6868055556,0
1049,2019/04/22,16:31,16.52,0.6881944444,0.6881944444,0
1050,2019/04/22,16:32,16.53,0.6888888889,0.6888888889,0
1051,2019/04/22,16:32,16.53,0.6888888889,0.6888888889,0
1052,2019/04/22,16:34,16.57,0.6902777778,0.6902777778,0
1053,2019/04/22,16:35,16.58,0.6909722222,0.6909722222,0
1054,2019/04/22,16:35,16.58,0.6909722222,0.6909722222,0
1055,2019/04/22,16:35,16.58,0.6909722222,0.6909722222,0
1056,2019/04/22,16:35,16.58,0.6909722222,0.6909722222,1
1057,2019/04/22,16:36,16.60,0.6916666667,0.6916666667,0
1058,2019/04/22,16:36,16.60,0.6916666667,0.6916666667,0
1059,2019/04/22,16:38,16.63,0.6930555556,0.6930555556,0
1060,2019/04/22,16:39,16.65,0.69375,0.69375,0
1061,2019/04/22,16:40,16.67,0.6944444444,0.6944444444,0
1062,2019/04/22,16:40,16.67,0.6944444444,0.6944444444,0
1063,2019/04/22,16:40,16.67,0.6944444444,0.6944444444,0
1064,2019/04/22,16:40,16.67,0.6944444444,0.6944444444,0
1065,2019/04/22,16:41,16.68,0.6951388889,0.6951388889,0
1066,2019/04/22,16:41,16.68,0.6951388889,0.6951388889,0
1067,2019/04/22,16:42,16.70,0.6958333333,0.6958333333,0
1068,2019/04/22,16:42,16.70,0.6958333333,0.6958333333,0
1069,2019/04/22,16:43,16.72,0.6965277778,0.6965277778,0
1070,2019/04/22,16:43,16.72,0.6965277778,0.6965277778,0
1071,2019/04/22,16:43,16.72,0.6965277778,0.6965277778,0
1072,2019/04/22,16:43,16.72,0.6965277778,0.6965277778,0
1073,2019/04/22,16:44,16.73,0.6972222222,0.6972222222,0
1074,2019/04/22,16:44,16.73,0.6972222222,0.6972222222,0
1075,2019/04/22,16:44,16.73,0.6972222222,0.6972222222,0
1076,2019/04/22,16:46,16.77,0.6986111111,0.6986111111,0
1077,2019/04/22,16:48,16.80,0.7,0.7,0
1078,2019/04/22,16:48,16.80,0.7,0.7,0
1079,2019/04/22,16:49,16.82,0.7006944444,0.7006944444,0
1080,2019/04/22,16:49,16.82,0.7006944444,0.7006944444,0
1081,2019/04/22,16:50,16.83,0.7013888889,0.7013888889,0
1082,2019/04/22,16:50,16.83,0.7013888889,0.7013888889,0
1083,2019/04/22,16:51,16.85,0.7020833333,0.7020833333,0
1084,2019/04/22,16:52,16.87,0.7027777778,0.7027777778,0
1085,2019/04/22,16:52,16.87,0.7027777778,0.7027777778,0
1086,2019/04/22,16:52,16.87,0.7027777778,0.7027777778,0
1087,2019/04/22,16:53,16.88,0.7034722222,0.7034722222,0
1088,2019/04/22,16:54,16.90,0.7041666667,0.7041666667,0
1089,2019/04/22,16:54,16.90,0.7041666667,0.7041666667,0
1090,2019/04/22,16:55,16.92,0.7048611111,0.7048611111,0
1091,2019/04/22,16:55,16.92,0.7048611111,0.7048611111,0
1092,2019/04/22,16:55,16.92,0.7048611111,0.7048611111,0
1093,2019/04/22,16:56,16.93,0.7055555556,0.7055555556,0
1094,2019/04/22,16:56,16.93,0.7055555556,0.7055555556,0
1095,2019/04/22,16:56,16.93,0.7055555556,0.7055555556,0
1096,2019/04/22,16:57,16.95,0.70625,0.70625,0
1097,2019/04/22,16:57,16.95,0.70625,0.70625,0
1098,2019/04/22,16:57,16.95,0.70625,0.70625,0
1099,2019/04/22,16:57,16.95,0.70625,0.70625,0
1100,2019/04/22,16:58,16.97,0.7069444444,0.7069444444,0
1101,2019/04/22,16:58,16.97,0.7069444444,0.7069444444,0
1102,2019/04/22,16:58,16.97,0.7069444444,0.7069444444,0
1103,2019/04/22,16:59,16.98,0.7076388889,0.7076388889,0
1104,2019/04/22,16:59,16.98,0.7076388889,0.7076388889,0
1105,2019/04/22,17:02,17.03,0.7097222222,0.7097222222,0
1106,2019/04/22,17:03,17.05,0.7104166667,0.7104166667,0
1107,2019/04/22,17:03,17.05,0.7104166667,0.7104166667,0
1108,2019/04/22,17:03,17.05,0.7104166667,0.7104166667,0
1109,2019/04/22,17:04,17.07,0.7111111111,0.7111111111,0
1110,2019/04/22,17:04,17.07,0.7111111111,0.7111111111,0
1111,2019/04/22,17:05,17.08,0.7118055556,0.7118055556,0
1112,2019/04/22,17:05,17.08,0.7118055556,0.7118055556,0
1113,2019/04/22,17:05,17.08,0.7118055556,0.7118055556,0
1114,2019/04/22,17:05,17.08,0.7118055556,0.7118055556,0
1115,2019/04/22,17:06,17.10,0.7125,0.7125,0
1116,2019/04/22,17:07,17.12,0.7131944444,0.7131944444,0
1117,2019/04/22,17:09,17.15,0.7145833333,0.7145833333,0
1118,2019/04/22,17:09,17.15,0.7145833333,0.7145833333,0
1119,2019/04/22,17:09,17.15,0.7145833333,0.7145833333,0
1120,2019/04/22,17:10,17.17,0.7152777778,0.7152777778,0
1121,2019/04/22,17:11,17.18,0.7159722222,0.7159722222,0
1122,2019/04/22,17:11,17.18,0.7159722222,0.7159722222,0
1123,2019/04/22,17:12,17.20,0.7166666667,0.7166666667,0
1124,2019/04/22,17:12,17.20,0.7166666667,0.7166666667,0
1125,2019/04/22,17:13,17.22,0.7173611111,0.7173611111,0
1126,2019/04/22,17:13,17.22,0.7173611111,0.7173611111,0
1127,2019/04/22,17:14,17.23,0.7180555556,0.7180555556,0
1128,2019/04/22,17:14,17.23,0.7180555556,0.7180555556,0
1129,2019/04/22,17:15,17.25,0.71875,0.71875,0
1130,2019/04/22,17:15,17.25,0.71875,0.71875,0
1131,2019/04/22,17:16,17.27,0.7194444444,0.7194444444,0
1132,2019/04/22,17:17,17.28,0.7201388889,0.7201388889,0
1133,2019/04/22,17:18,17.30,0.7208333333,0.7208333333,0
1134,2019/04/22,17:18,17.30,0.7208333333,0.7208333333,0
1135,2019/04/22,17:19,17.32,0.7215277778,0.7215277778,0
1136,2019/04/22,17:19,17.32,0.7215277778,0.7215277778,0
1137,2019/04/22,17:20,17.33,0.7222222222,0.7222222222,0
1138,2019/04/22,17:21,17.35,0.7229166667,0.7229166667,0
1139,2019/04/22,17:22,17.37,0.7236111111,0.7236111111,0
1140,2019/04/22,17:22,17.37,0.7236111111,0.7236111111,0
1141,2019/04/22,17:22,17.37,0.7236111111,0.7236111111,0
1142,2019/04/22,17:23,17.38,0.7243055556,0.7243055556,0
1143,2019/04/22,17:23,17.38,0.7243055556,0.7243055556,0
1144,2019/04/22,17:24,17.40,0.725,0.725,0
1145,2019/04/22,17:24,17.40,0.725,0.725,0
1146,2019/04/22,17:24,17.40,0.725,0.725,0
1147,2019/04/22,17:24,17.40,0.725,0.725,0
1148,2019/04/22,17:25,17.42,0.7256944444,0.7256944444,0
1149,2019/04/22,17:25,17.42,0.7256944444,0.7256944444,0
1150,2019/04/22,17:25,17.42,0.7256944444,0.7256944444,0
1151,2019/04/22,17:25,17.42,0.7256944444,0.7256944444,0
1152,2019/04/22,17:26,17.43,0.7263888889,0.7263888889,0
1153,2019/04/22,17:26,17.43,0.7263888889,0.7263888889,0
1154,2019/04/22,17:26,17.43,0.7263888889,0.7263888889,0
1155,2019/04/22,17:26,17.43,0.7263888889,0.7263888889,1
1156,2019/04/22,17:28,17.47,0.7277777778,0.7277777778,1
1157,2019/04/22,17:29,17.48,0.7284722222,0.7284722222,0
1158,2019/04/22,17:29,17.48,0.7284722222,0.7284722222,0
1159,2019/04/22,17:30,17.50,0.7291666667,0.7291666667,0
1160,2019/04/22,17:30,17.50,0.7291666667,0.7291666667,0
1161,2019/04/22,17:31,17.52,0.7298611111,0.7298611111,0
1162,2019/04/22,17:31,17.52,0.7298611111,0.7298611111,0
1163,2019/04/22,17:32,17.53,0.7305555556,0.7305555556,0
1164,2019/04/22,17:32,17.53,0.7305555556,0.7305555556,0
1165,2019/04/22,17:32,17.53,0.7305555556,0.7305555556,0
1166,2019/04/22,17:32,17.53,0.7305555556,0.7305555556,0
1167,2019/04/22,17:33,17.55,0.73125,0.73125,0
1168,2019/04/22,17:34,17.57,0.7319444444,0.7319444444,0
1169,2019/04/22,17:34,17.57,0.7319444444,0.7319444444,0
1170,2019/04/22,17:35,17.58,0.7326388889,0.7326388889,0
1171,2019/04/22,17:37,17.62,0.7340277778,0.7340277778,0
1172,2019/04/22,17:37,17.62,0.7340277778,0.7340277778,0
1173,2019/04/22,17:37,17.62,0.7340277778,0.7340277778,0
1174,2019/04/22,17:38,17.63,0.7347222222,0.7347222222,0
1175,2019/04/22,17:39,17.65,0.7354166667,0.7354166667,0
1176,2019/04/22,17:41,17.68,0.7368055556,0.7368055556,0
1177,2019/04/22,17:41,17.68,0.7368055556,0.7368055556,0
1178,2019/04/22,17:42,17.70,0.7375,0.7375,0
1179,2019/04/22,17:42,17.70,0.7375,0.7375,0
1180,2019/04/22,17:43,17.72,0.7381944444,0.7381944444,0
1181,2019/04/22,17:43,17.72,0.7381944444,0.7381944444,0
1182,2019/04/22,17:44,17.73,0.7388888889,0.7388888889,0
1183,2019/04/22,17:45,17.75,0.7395833333,0.7395833333,0
1184,2019/04/22,17:46,17.77,0.7402777778,0.7402777778,0
1185,2019/04/22,17:47,17.78,0.7409722222,0.7409722222,0
1186,2019/04/22,17:48,17.80,0.7416666667,0.7416666667,0
1187,2019/04/22,17:48,17.80,0.7416666667,0.7416666667,0
1188,2019/04/22,17:48,17.80,0.7416666667,0.7416666667,0
1189,2019/04/22,17:48,17.80,0.7416666667,0.7416666667,0
1190,2019/04/22,17:49,17.82,0.7423611111,0.7423611111,0
1191,2019/04/22,17:49,17.82,0.7423611111,0.7423611111,0
1192,2019/04/22,17:50,17.83,0.7430555556,0.7430555556,0
1193,2019/04/22,17:51,17.85,0.74375,0.74375,0
1194,2019/04/22,17:51,17.85,0.74375,0.74375,0
1195,2019/04/22,17:53,17.88,0.7451388889,0.7451388889,0
1196,2019/04/22,17:53,17.88,0.7451388889,0.7451388889,0
1197,2019/04/22,17:53,17.88,0.7451388889,0.7451388889,0
1198,2019/04/22,17:53,17.88,0.7451388889,0.7451388889,0
1199,2019/04/22,17:53,17.88,0.7451388889,0.7451388889,0
1200,2019/04/22,17:54,17.90,0.7458333333,0.7458333333,0
1201,2019/04/22,17:55,17.92,0.7465277778,0.7465277778,0
1202,2019/04/22,17:55,17.92,0.7465277778,0.7465277778,0
1203,2019/04/22,17:56,17.93,0.7472222222,0.7472222222,0
1204,2019/04/22,17:56,17.93,0.7472222222,0.7472222222,0
1205,2019/04/22,17:56,17.93,0.7472222222,0.7472222222,0
1206,2019/04/22,17:57,17.95,0.7479166667,0.7479166667,0
1207,2019/04/22,17:57,17.95,0.7479166667,0.7479166667,0
1208,2019/04/22,17:58,17.97,0.7486111111,0.7486111111,0
1209,2019/04/22,17:58,17.97,0.7486111111,0.7486111111,0
1210,2019/04/22,17:58,17.97,0.7486111111,0.7486111111,0
1211,2019/04/22,17:59,17.98,0.7493055556,0.7493055556,0
1212,2019/04/22,17:59,17.98,0.7493055556,0.7493055556,0
1213,2019/04/22,17:59,17.98,0.7493055556,0.7493055556,0
1214,2019/04/22,18:01,18.02,0.7506944444,0.7506944444,0
1215,2019/04/22,18:01,18.02,0.7506944444,0.7506944444,0
1216,2019/04/22,18:02,18.03,0.7513888889,0.7513888889,0
1217,2019/04/22,18:02,18.03,0.7513888889,0.7513888889,0
1218,2019/04/22,18:02,18.03,0.7513888889,0.7513888889,0
1219,2019/04/22,18:03,18.05,0.7520833333,0.7520833333,0
1220,2019/04/22,18:03,18.05,0.7520833333,0.7520833333,0
1221,2019/04/22,18:03,18.05,0.7520833333,0.7520833333,0
1222,2019/04/22,18:03,18.05,0.7520833333,0.7520833333,0
1223,2019/04/22,18:04,18.07,0.7527777778,0.7527777778,0
1224,2019/04/22,18:05,18.08,0.7534722222,0.7534722222,0
1225,2019/04/22,18:05,18.08,0.7534722222,0.7534722222,0
1226,2019/04/22,18:05,18.08,0.7534722222,0.7534722222,0
1227,2019/04/22,18:06,18.10,0.7541666667,0.7541666667,0
1228,2019/04/22,18:06,18.10,0.7541666667,0.7541666667,0
1229,2019/04/22,18:07,18.12,0.7548611111,0.7548611111,0
1230,2019/04/22,18:08,18.13,0.7555555556,0.7555555556,0
1231,2019/04/22,18:08,18.13,0.7555555556,0.7555555556,0
1232,2019/04/22,18:08,18.13,0.7555555556,0.7555555556,0
1233,2019/04/22,18:09,18.15,0.75625,0.75625,0
1234,2019/04/22,18:10,18.17,0.7569444444,0.7569444444,0
1235,2019/04/22,18:10,18.17,0.7569444444,0.7569444444,0
1236,2019/04/22,18:10,18.17,0.7569444444,0.7569444444,0
1237,2019/04/22,18:10,18.17,0.7569444444,0.7569444444,0
1238,2019/04/22,18:10,18.17,0.7569444444,0.7569444444,0
1239,2019/04/22,18:11,18.18,0.7576388889,0.7576388889,0
1240,2019/04/22,18:11,18.18,0.7576388889,0.7576388889,0
1241,2019/04/22,18:12,18.20,0.7583333333,0.7583333333,0
1242,2019/04/22,18:14,18.23,0.7597222222,0.7597222222,1
1243,2019/04/22,18:14,18.23,0.7597222222,0.7597222222,0
1244,2019/04/22,18:15,18.25,0.7604166667,0.7604166667,0
1245,2019/04/22,18:15,18.25,0.7604166667,0.7604166667,0
1246,2019/04/22,18:16,18.27,0.7611111111,0.7611111111,0
1247,2019/04/22,18:17,18.28,0.7618055556,0.7618055556,0
1248,2019/04/22,18:19,18.32,0.7631944444,0.7631944444,0
1249,2019/04/22,18:19,18.32,0.7631944444,0.7631944444,0
1250,2019/04/22,18:19,18.32,0.7631944444,0.7631944444,0
1251,2019/04/22,18:19,18.32,0.7631944444,0.7631944444,0
1252,2019/04/22,18:20,18.33,0.7638888889,0.7638888889,0
1253,2019/04/22,18:20,18.33,0.7638888889,0.7638888889,0
1254,2019/04/22,18:22,18.37,0.7652777778,0.7652777778,1
1255,2019/04/22,18:22,18.37,0.7652777778,0.7652777778,1
1256,2019/04/22,18:22,18.37,0.7652777778,0.7652777778,0
1257,2019/04/22,18:23,18.38,0.7659722222,0.7659722222,0
1258,2019/04/22,18:23,18.38,0.7659722222,0.7659722222,0
1259,2019/04/22,18:23,18.38,0.7659722222,0.7659722222,0
1260,2019/04/22,18:25,18.42,0.7673611111,0.7673611111,0
1261,2019/04/22,18:26,18.43,0.7680555556,0.7680555556,0
1262,2019/04/22,18:26,18.43,0.7680555556,0.7680555556,0
1263,2019/04/22,18:29,18.48,0.7701388889,0.7701388889,0
1264,2019/04/22,18:30,18.50,0.7708333333,0.7708333333,0
1265,2019/04/22,18:31,18.52,0.7715277778,0.7715277778,0
1266,2019/04/22,18:33,18.55,0.7729166667,0.7729166667,0
1267,2019/04/22,18:35,18.58,0.7743055556,0.7743055556,0
1268,2019/04/22,18:37,18.62,0.7756944444,0.7756944444,0
1269,2019/04/22,18:37,18.62,0.7756944444,0.7756944444,0
1270,2019/04/22,18:39,18.65,0.7770833333,0.7770833333,0
1271,2019/04/22,18:39,18.65,0.7770833333,0.7770833333,0
1272,2019/04/22,18:40,18.67,0.7777777778,0.7777777778,0
1273,2019/04/22,18:42,18.70,0.7791666667,0.7791666667,0
1274,2019/04/22,18:42,18.70,0.7791666667,0.7791666667,0
1275,2019/04/22,18:42,18.70,0.7791666667,0.7791666667,0
1276,2019/04/22,18:43,18.72,0.7798611111,0.7798611111,0
1277,2019/04/22,18:43,18.72,0.7798611111,0.7798611111,0
1278,2019/04/22,18:43,18.72,0.7798611111,0.7798611111,0
1279,2019/04/22,18:43,18.72,0.7798611111,0.7798611111,0
1280,2019/04/22,18:44,18.73,0.7805555556,0.7805555556,0
1281,2019/04/22,18:45,18.75,0.78125,0.78125,0
1282,2019/04/22,18:46,18.77,0.7819444444,0.7819444444,0
1283,2019/04/22,18:47,18.78,0.7826388889,0.7826388889,0
1284,2019/04/22,18:47,18.78,0.7826388889,0.7826388889,0
1285,2019/04/22,18:47,18.78,0.7826388889,0.7826388889,0
1286,2019/04/22,18:50,18.83,0.7847222222,0.7847222222,0
1287,2019/04/22,18:51,18.85,0.7854166667,0.7854166667,0
1288,2019/04/22,18:52,18.87,0.7861111111,0.7861111111,0
1289,2019/04/22,18:53,18.88,0.7868055556,0.7868055556,0
1290,2019/04/22,18:54,18.90,0.7875,0.7875,0
1291,2019/04/22,18:55,18.92,0.7881944444,0.7881944444,0
1292,2019/04/22,18:55,18.92,0.7881944444,0.7881944444,0
1293,2019/04/22,18:55,18.92,0.7881944444,0.7881944444,0
1294,2019/04/22,18:56,18.93,0.7888888889,0.7888888889,0
1295,2019/04/22,18:57,18.95,0.7895833333,0.7895833333,0
1296,2019/04/22,18:58,18.97,0.7902777778,0.7902777778,0
1297,2019/04/22,18:58,18.97,0.7902777778,0.7902777778,0
1298,2019/04/22,18:59,18.98,0.7909722222,0.7909722222,0
1299,2019/04/22,19:00,19.00,0.7916666667,0.7916666667,0
1300,2019/04/22,19:01,19.02,0.7923611111,0.7923611111,0
1301,2019/04/22,19:02,19.03,0.7930555556,0.7930555556,0
1302,2019/04/22,19:03,19.05,0.79375,0.79375,0
1303,2019/04/22,19:03,19.05,0.79375,0.79375,0
1304,2019/04/22,19:04,19.07,0.7944444444,0.7944444444,0
1305,2019/04/22,19:05,19.08,0.7951388889,0.7951388889,0
1306,2019/04/22,19:06,19.10,0.7958333333,0.7958333333,0
1307,2019/04/22,19:06,19.10,0.7958333333,0.7958333333,0
1308,2019/04/22,19:07,19.12,0.7965277778,0.7965277778,0
1309,2019/04/22,19:07,19.12,0.7965277778,0.7965277778,0
1310,2019/04/22,19:08,19.13,0.7972222222,0.7972222222,0
1311,2019/04/22,19:08,19.13,0.7972222222,0.7972222222,0
1312,2019/04/22,19:08,19.13,0.7972222222,0.7972222222,0
1313,2019/04/22,19:09,19.15,0.7979166667,0.7979166667,0
1314,2019/04/22,19:09,19.15,0.7979166667,0.7979166667,0
1315,2019/04/22,19:09,19.15,0.7979166667,0.7979166667,0
1316,2019/04/22,19:10,19.17,0.7986111111,0.7986111111,0
1317,2019/04/22,19:11,19.18,0.7993055556,0.7993055556,0
1318,2019/04/22,19:11,19.18,0.7993055556,0.7993055556,0
1319,2019/04/22,19:12,19.20,0.8,0.8,0
1320,2019/04/22,19:13,19.22,0.8006944444,0.8006944444,0
1321,2019/04/22,19:13,19.22,0.8006944444,0.8006944444,0
1322,2019/04/22,19:13,19.22,0.8006944444,0.8006944444,0
1323,2019/04/22,19:14,19.23,0.8013888889,0.8013888889,0
1324,2019/04/22,19:15,19.25,0.8020833333,0.8020833333,0
1325,2019/04/22,19:16,19.27,0.8027777778,0.8027777778,0
1326,2019/04/22,19:18,19.30,0.8041666667,0.8041666667,0
1327,2019/04/22,19:19,19.32,0.8048611111,0.8048611111,0
1328,2019/04/22,19:20,19.33,0.8055555556,0.8055555556,0
1329,2019/04/22,19:21,19.35,0.80625,0.80625,0
1330,2019/04/22,19:21,19.35,0.80625,0.80625,0
1331,2019/04/22,19:22,19.37,0.8069444444,0.8069444444,0
1332,2019/04/22,19:22,19.37,0.8069444444,0.8069444444,0
1333,2019/04/22,19:24,19.40,0.8083333333,0.8083333333,0
1334,2019/04/22,19:25,19.42,0.8090277778,0.8090277778,0
1335,2019/04/22,19:28,19.47,0.8111111111,0.8111111111,0
1336,2019/04/22,19:28,19.47,0.8111111111,0.8111111111,0
1337,2019/04/22,19:28,19.47,0.8111111111,0.8111111111,0
1338,2019/04/22,19:28,19.47,0.8111111111,0.8111111111,0
1339,2019/04/22,19:29,19.48,0.8118055556,0.8118055556,0
1340,2019/04/22,19:29,19.48,0.8118055556,0.8118055556,0
1341,2019/04/22,19:29,19.48,0.8118055556,0.8118055556,0
1342,2019/04/22,19:30,19.50,0.8125,0.8125,0
1343,2019/04/22,19:31,19.52,0.8131944444,0.8131944444,0
1344,2019/04/22,19:31,19.52,0.8131944444,0.8131944444,0
1345,2019/04/22,19:32,19.53,0.8138888889,0.8138888889,0
1346,2019/04/22,19:33,19.55,0.8145833333,0.8145833333,0
1347,2019/04/22,19:33,19.55,0.8145833333,0.8145833333,0
1348,2019/04/22,19:33,19.55,0.8145833333,0.8145833333,0
1349,2019/04/22,19:33,19.55,0.8145833333,0.8145833333,0
1350,2019/04/22,19:33,19.55,0.8145833333,0.8145833333,0
1351,2019/04/22,19:34,19.57,0.8152777778,0.8152777778,0
1352,2019/04/22,19:35,19.58,0.8159722222,0.8159722222,0
1353,2019/04/22,19:35,19.58,0.8159722222,0.8159722222,0
1354,2019/04/22,19:35,19.58,0.8159722222,0.8159722222,0
1355,2019/04/22,19:36,19.60,0.8166666667,0.8166666667,0
1356,2019/04/22,19:36,19.60,0.8166666667,0.8166666667,0
1357,2019/04/22,19:37,19.62,0.8173611111,0.8173611111,0
1358,2019/04/22,19:37,19.62,0.8173611111,0.8173611111,0
1359,2019/04/22,19:37,19.62,0.8173611111,0.8173611111,0
1360,2019/04/22,19:38,19.63,0.8180555556,0.8180555556,0
1361,2019/04/22,19:39,19.65,0.81875,0.81875,0
1362,2019/04/22,19:39,19.65,0.81875,0.81875,0
1363,2019/04/22,19:40,19.67,0.8194444444,0.8194444444,0
1364,2019/04/22,19:40,19.67,0.8194444444,0.8194444444,0
1365,2019/04/22,19:40,19.67,0.8194444444,0.8194444444,0
1366,2019/04/22,19:41,19.68,0.8201388889,0.8201388889,0
1367,2019/04/22,19:41,19.68,0.8201388889,0.8201388889,0
1368,2019/04/22,19:41,19.68,0.8201388889,0.8201388889,0
1369,2019/04/22,19:42,19.70,0.8208333333,0.8208333333,0
1370,2019/04/22,19:42,19.70,0.8208333333,0.8208333333,0
1371,2019/04/22,19:42,19.70,0.8208333333,0.8208333333,0
1372,2019/04/22,19:44,19.73,0.8222222222,0.8222222222,0
1373,2019/04/22,19:44,19.73,0.8222222222,0.8222222222,0
1374,2019/04/22,19:45,19.75,0.8229166667,0.8229166667,0
1375,2019/04/22,19:45,19.75,0.8229166667,0.8229166667,0
1376,2019/04/22,19:46,19.77,0.8236111111,0.8236111111,0
1377,2019/04/22,19:46,19.77,0.8236111111,0.8236111111,0
1378,2019/04/22,19:46,19.77,0.8236111111,0.8236111111,0
1379,2019/04/22,19:48,19.80,0.825,0.825,0
1380,2019/04/22,19:49,19.82,0.8256944444,0.8256944444,0
1381,2019/04/22,19:50,19.83,0.8263888889,0.8263888889,0
1382,2019/04/22,19:50,19.83,0.8263888889,0.8263888889,0
1383,2019/04/22,19:51,19.85,0.8270833333,0.8270833333,0
1384,2019/04/22,19:51,19.85,0.8270833333,0.8270833333,0
1385,2019/04/22,19:52,19.87,0.8277777778,0.8277777778,0
1386,2019/04/22,19:52,19.87,0.8277777778,0.8277777778,0
1387,2019/04/22,19:52,19.87,0.8277777778,0.8277777778,0
1388,2019/04/22,19:53,19.88,0.8284722222,0.8284722222,0
1389,2019/04/22,19:53,19.88,0.8284722222,0.8284722222,0
1390,2019/04/22,19:53,19.88,0.8284722222,0.8284722222,0
1391,2019/04/22,19:53,19.88,0.8284722222,0.8284722222,0
1392,2019/04/22,19:54,19.90,0.8291666667,0.8291666667,0
1393,2019/04/22,19:54,19.90,0.8291666667,0.8291666667,0
1394,2019/04/22,19:56,19.93,0.8305555556,0.8305555556,0
1395,2019/04/22,19:58,19.97,0.8319444444,0.8319444444,0
1396,2019/04/22,19:59,19.98,0.8326388889,0.8326388889,0
1397,2019/04/22,19:59,19.98,0.8326388889,0.8326388889,0
1398,2019/04/22,20:01,20.02,0.8340277778,0.8340277778,0
1399,2019/04/22,20:01,20.02,0.8340277778,0.8340277778,0
1400,2019/04/22,20:01,20.02,0.8340277778,0.8340277778,0
1401,2019/04/22,20:02,20.03,0.8347222222,0.8347222222,0
1402,2019/04/22,20:02,20.03,0.8347222222,0.8347222222,0
1403,2019/04/22,20:03,20.05,0.8354166667,0.8354166667,0
1404,2019/04/22,20:03,20.05,0.8354166667,0.8354166667,0
1405,2019/04/22,20:03,20.05,0.8354166667,0.8354166667,0
1406,2019/04/22,20:03,20.05,0.8354166667,0.8354166667,0
1407,2019/04/22,20:04,20.07,0.8361111111,0.8361111111,0
1408,2019/04/22,20:04,20.07,0.8361111111,0.8361111111,0
1409,2019/04/22,20:04,20.07,0.8361111111,0.8361111111,0
1410,2019/04/22,20:05,20.08,0.8368055556,0.8368055556,0
1411,2019/04/22,20:05,20.08,0.8368055556,0.8368055556,0
1412,2019/04/22,20:06,20.10,0.8375,0.8375,0
1413,2019/04/22,20:06,20.10,0.8375,0.8375,0
1414,2019/04/22,20:07,20.12,0.8381944444,0.8381944444,0
1415,2019/04/22,20:08,20.13,0.8388888889,0.8388888889,0
1416,2019/04/22,20:11,20.18,0.8409722222,0.8409722222,0
1417,2019/04/22,20:12,20.20,0.8416666667,0.8416666667,0
1418,2019/04/22,20:12,20.20,0.8416666667,0.8416666667,0
1419,2019/04/22,20:13,20.22,0.8423611111,0.8423611111,0
1420,2019/04/22,20:13,20.22,0.8423611111,0.8423611111,0
1421,2019/04/22,20:13,20.22,0.8423611111,0.8423611111,0
1422,2019/04/22,20:13,20.22,0.8423611111,0.8423611111,0
1423,2019/04/22,20:14,20.23,0.8430555556,0.8430555556,0
1424,2019/04/22,20:14,20.23,0.8430555556,0.8430555556,0
1425,2019/04/22,20:14,20.23,0.8430555556,0.8430555556,0
1426,2019/04/22,20:15,20.25,0.84375,0.84375,0
1427,2019/04/22,20:15,20.25,0.84375,0.84375,0
1428,2019/04/22,20:15,20.25,0.84375,0.84375,0
1429,2019/04/22,20:16,20.27,0.8444444444,0.8444444444,0
1430,2019/04/22,20:17,20.28,0.8451388889,0.8451388889,0
1431,2019/04/22,20:17,20.28,0.8451388889,0.8451388889,0
1432,2019/04/22,20:18,20.30,0.8458333333,0.8458333333,0
1433,2019/04/22,20:19,20.32,0.8465277778,0.8465277778,0
1434,2019/04/22,20:20,20.33,0.8472222222,0.8472222222,0
1435,2019/04/22,20:20,20.33,0.8472222222,0.8472222222,0
1436,2019/04/22,20:20,20.33,0.8472222222,0.8472222222,0
1437,2019/04/22,20:21,20.35,0.8479166667,0.8479166667,0
1438,2019/04/22,20:21,20.35,0.8479166667,0.8479166667,0
1439,2019/04/22,20:25,20.42,0.8506944444,0.8506944444,0
1440,2019/04/22,20:27,20.45,0.8520833333,0.8520833333,0
1441,2019/04/22,20:27,20.45,0.8520833333,0.8520833333,0
1442,2019/04/22,20:27,20.45,0.8520833333,0.8520833333,0
1443,2019/04/22,20:28,20.47,0.8527777778,0.8527777778,0
1444,2019/04/22,20:28,20.47,0.8527777778,0.8527777778,0
1445,2019/04/22,20:28,20.47,0.8527777778,0.8527777778,0
1446,2019/04/22,20:29,20.48,0.8534722222,0.8534722222,0
1447,2019/04/22,20:29,20.48,0.8534722222,0.8534722222,1
1448,2019/04/22,20:29,20.48,0.8534722222,0.8534722222,0
1449,2019/04/22,20:30,20.50,0.8541666667,0.8541666667,0
1450,2019/04/22,20:30,20.50,0.8541666667,0.8541666667,0
1451,2019/04/22,20:30,20.50,0.8541666667,0.8541666667,0
1452,2019/04/22,20:31,20.52,0.8548611111,0.8548611111,0
1453,2019/04/22,20:32,20.53,0.8555555556,0.8555555556,0
1454,2019/04/22,20:32,20.53,0.8555555556,0.8555555556,0
1455,2019/04/22,20:32,20.53,0.8555555556,0.8555555556,0
1456,2019/04/22,20:33,20.55,0.85625,0.85625,0
1457,2019/04/22,20:33,20.55,0.85625,0.85625,0
1458,2019/04/22,20:34,20.57,0.8569444444,0.8569444444,0
1459,2019/04/22,20:34,20.57,0.8569444444,0.8569444444,0
1460,2019/04/22,20:34,20.57,0.8569444444,0.8569444444,0
1461,2019/04/22,20:34,20.57,0.8569444444,0.8569444444,0
1462,2019/04/22,20:35,20.58,0.8576388889,0.8576388889,0
1463,2019/04/22,20:36,20.60,0.8583333333,0.8583333333,0
1464,2019/04/22,20:37,20.62,0.8590277778,0.8590277778,0
1465,2019/04/22,20:37,20.62,0.8590277778,0.8590277778,0
1466,2019/04/22,20:38,20.63,0.8597222222,0.8597222222,0
1467,2019/04/22,20:39,20.65,0.8604166667,0.8604166667,0
1468,2019/04/22,20:40,20.67,0.8611111111,0.8611111111,0
1469,2019/04/22,20:40,20.67,0.8611111111,0.8611111111,0
1470,2019/04/22,20:41,20.68,0.8618055556,0.8618055556,0
1471,2019/04/22,20:42,20.70,0.8625,0.8625,0
1472,2019/04/22,20:43,20.72,0.8631944444,0.8631944444,0
1473,2019/04/22,20:46,20.77,0.8652777778,0.8652777778,0
1474,2019/04/22,20:47,20.78,0.8659722222,0.8659722222,0
1475,2019/04/22,20:47,20.78,0.8659722222,0.8659722222,0
1476,2019/04/22,20:47,20.78,0.8659722222,0.8659722222,0
1477,2019/04/22,20:47,20.78,0.8659722222,0.8659722222,0
1478,2019/04/22,20:47,20.78,0.8659722222,0.8659722222,0
1479,2019/04/22,20:48,20.80,0.8666666667,0.8666666667,0
1480,2019/04/22,20:48,20.80,0.8666666667,0.8666666667,0
1481,2019/04/22,20:49,20.82,0.8673611111,0.8673611111,0
1482,2019/04/22,20:50,20.83,0.8680555556,0.8680555556,0
1483,2019/04/22,20:50,20.83,0.8680555556,0.8680555556,0
1484,2019/04/22,20:51,20.85,0.86875,0.86875,0
1485,2019/04/22,20:51,20.85,0.86875,0.86875,0
1486,2019/04/22,20:52,20.87,0.8694444444,0.8694444444,0
1487,2019/04/22,20:52,20.87,0.8694444444,0.8694444444,0
1488,2019/04/22,20:55,20.92,0.8715277778,0.8715277778,0
1489,2019/04/22,20:55,20.92,0.8715277778,0.8715277778,0
1490,2019/04/22,20:55,20.92,0.8715277778,0.8715277778,0
1491,2019/04/22,20:56,20.93,0.8722222222,0.8722222222,0
1492,2019/04/22,20:56,20.93,0.8722222222,0.8722222222,0
1493,2019/04/22,20:57,20.95,0.8729166667,0.8729166667,0
1494,2019/04/22,20:58,20.97,0.8736111111,0.8736111111,0
1495,2019/04/22,20:58,20.97,0.8736111111,0.8736111111,0
1496,2019/04/22,20:59,20.98,0.8743055556,0.8743055556,0
1497,2019/04/22,20:59,20.98,0.8743055556,0.8743055556,0
1498,2019/04/22,20:59,20.98,0.8743055556,0.8743055556,0
1499,2019/04/22,21:00,21.00,0.875,0.875,0
1500,2019/04/22,21:00,21.00,0.875,0.875,0